card,Knight,Archers,Goblins,Giant,P.E.K.K.A,Minions,Balloon,Witch,Barbarians,Golem,Skeletons,Valkyrie,Skeleton Army,Bomber,Musketeer,Baby Dragon,Prince,Wizard,Mini P.E.K.K.A,Spear Goblins,Giant Skeleton,Hog Rider,Minion Horde,Ice Wizard,Royal Giant,Guards,Princess,Dark Prince,Three Musketeers,Lava Hound,Ice Spirit,Fire Spirit,Miner,Sparky,Bowler,Lumberjack,Battle Ram,Inferno Dragon,Ice Golem,Mega Minion,Dart Goblin,Goblin Gang,Electro Wizard,Elite Barbarians,Hunter,Executioner,Bandit,Royal Recruits,Night Witch,Bats,Royal Ghost,Ram Rider,Zappies,Rascals,Cannon Cart,Mega Knight,Skeleton Barrel,Flying Machine,Wall Breakers,Royal Hogs,Goblin Giant,Fisherman,Magic Archer,Electro Dragon,Firecracker,Mighty Miner,Elixir Golem,Battle Healer,Skeleton King,Archer Queen,Golden Knight,Monk,Skeleton Dragons,Mother Witch,Electro Spirit,Electro Giant,Phoenix,Little Prince,Goblin Demolisher,Goblin Machine,Suspicious Bush,Goblinstein,Rune Giant,Berserker,Boss Bandit,Cannon,Goblin Hut,Mortar,Inferno Tower,Bomb Tower,Barbarian Hut,Tesla,Elixir Collector,X-Bow,Tombstone,Furnace,Goblin Cage,Goblin Drill,Fireball,Arrows,Rage,Rocket,Goblin Barrel,Freeze,Mirror,Lightning,Zap,Poison,Graveyard,The Log,Tornado,Clone,Earthquake,Barbarian Barrel,Heal Spirit,Giant Snowball,Royal Delivery,Void,Goblin Curse,Spirit Empress,Vines
Knight,0.5,0.501,0.489,0.516,0.515,0.489,0.516,0.505,0.532,0.505,0.507,0.5,0.504,0.527,0.496,0.528,0.519,0.511,0.505,0.532,0.507,0.483,0.519,0.539,0.481,0.51,0.517,0.498,0.506,0.569,0.509,0.522,0.54,0.518,0.487,0.505,0.494,0.531,0.533,0.544,0.502,0.498,0.497,0.505,0.501,0.508,0.51,0.461,0.506,0.509,0.492,0.521,0.465,0.466,0.45,0.494,0.496,0.469,0.505,0.49,0.533,0.502,0.522,0.527,0.493,0.505,0.532,0.53,0.512,0.518,0.508,0.514,0.555,0.514,0.507,0.542,0.551,0.51,0.524,0.533,0.48,0.514,0.542,0.507,0.517,0.506,0.518,0.485,0.511,0.52,0.54,0.51,0.546,0.527,0.542,0.491,0.504,0.541,0.498,0.499,0.536,0.539,0.509,0.537,0.579,0.541,0.507,0.517,0.548,0.492,0.572,0.583,0.469,0.513,0.549,0.539,0.508,0.531,0.531,0.508,0.49
Archers,0.499,0.5,0.505,0.54,0.505,0.482,0.536,0.489,0.529,0.499,0.513,0.495,0.5,0.525,0.503,0.535,0.509,0.501,0.507,0.537,0.488,0.484,0.494,0.544,0.49,0.514,0.502,0.492,0.513,0.6,0.512,0.524,0.548,0.5,0.489,0.51,0.506,0.535,0.538,0.568,0.494,0.49,0.489,0.492,0.51,0.491,0.499,0.461,0.516,0.501,0.494,0.512,0.472,0.468,0.432,0.465,0.497,0.485,0.504,0.497,0.527,0.523,0.525,0.519,0.469,0.484,0.532,0.535,0.513,0.522,0.49,0.506,0.552,0.53,0.511,0.528,0.562,0.507,0.504,0.515,0.482,0.508,0.522,0.516,0.506,0.51,0.537,0.504,0.503,0.526,0.522,0.506,0.543,0.542,0.543,0.464,0.525,0.537,0.498,0.484,0.535,0.537,0.499,0.542,0.569,0.551,0.503,0.527,0.584,0.491,0.587,0.585,0.474,0.525,0.552,0.545,0.503,0.549,0.523,0.493,0.489
Goblins,0.511,0.495,0.5,0.542,0.525,0.493,0.499,0.504,0.53,0.507,0.511,0.498,0.51,0.507,0.488,0.524,0.511,0.501,0.513,0.556,0.507,0.5,0.514,0.517,0.526,0.518,0.528,0.466,0.477,0.572,0.507,0.499,0.547,0.504,0.481,0.486,0.514,0.534,0.532,0.552,0.506,0.5,0.508,0.514,0.516,0.494,0.519,0.471,0.538,0.516,0.494,0.521,0.495,0.467,0.465,0.476,0.497,0.504,0.5,0.491,0.545,0.544,0.531,0.51,0.498,0.515,0.548,0.561,0.51,0.5,0.503,0.529,0.514,0.513,0.513,0.475,0.531,0.512,0.481,0.512,0.45,0.503,0.567,0.492,0.506,0.502,0.531,0.5,0.533,0.521,0.468,0.504,0.548,0.536,0.518,0.487,0.516,0.573,0.502,0.502,0.556,0.549,0.511,0.525,0.551,0.512,0.519,0.505,0.563,0.497,0.547,0.573,0.511,0.499,0.525,0.527,0.484,0.563,0.521,0.459,0.493
Giant,0.484,0.46,0.458,0.5,0.461,0.447,0.476,0.411,0.495,0.484,0.511,0.448,0.426,0.494,0.471,0.459,0.448,0.436,0.435,0.507,0.459,0.445,0.463,0.498,0.476,0.487,0.448,0.457,0.491,0.549,0.493,0.487,0.545,0.469,0.519,0.47,0.486,0.445,0.533,0.52,0.462,0.449,0.431,0.443,0.491,0.453,0.466,0.491,0.51,0.453,0.483,0.467,0.501,0.457,0.461,0.432,0.466,0.51,0.494,0.492,0.492,0.522,0.518,0.46,0.443,0.461,0.519,0.558,0.468,0.518,0.469,0.462,0.531,0.48,0.503,0.453,0.546,0.473,0.517,0.476,0.454,0.463,0.54,0.49,0.466,0.481,0.537,0.498,0.435,0.535,0.478,0.492,0.532,0.597,0.479,0.459,0.501,0.56,0.478,0.453,0.496,0.532,0.437,0.52,0.522,0.501,0.449,0.512,0.565,0.46,0.559,0.496,0.511,0.501,0.53,0.528,0.479,0.561,0.512,0.494,0.457
P.E.K.K.A,0.485,0.495,0.475,0.539,0.5,0.497,0.495,0.456,0.491,0.566,0.494,0.502,0.454,0.54,0.478,0.523,0.514,0.51,0.489,0.52,0.495,0.481,0.501,0.525,0.547,0.485,0.468,0.512,0.503,0.537,0.486,0.518,0.534,0.495,0.521,0.51,0.51,0.487,0.484,0.553,0.484,0.468,0.507,0.5,0.54,0.528,0.518,0.442,0.57,0.513,0.513,0.514,0.465,0.456,0.467,0.52,0.472,0.482,0.496,0.485,0.581,0.555,0.535,0.528,0.483,0.495,0.559,0.574,0.498,0.54,0.524,0.587,0.55,0.557,0.532,0.582,0.549,0.505,0.534,0.613,0.479,0.515,0.564,0.53,0.547,0.489,0.499,0.498,0.445,0.521,0.575,0.503,0.583,0.536,0.498,0.507,0.519,0.548,0.49,0.503,0.554,0.511,0.464,0.528,0.569,0.576,0.511,0.518,0.548,0.479,0.59,0.57,0.504,0.53,0.591,0.542,0.504,0.545,0.56,0.527,0.505
Minions,0.511,0.518,0.507,0.553,0.503,0.5,0.556,0.478,0.537,0.517,0.532,0.5,0.503,0.548,0.52,0.52,0.512,0.485,0.5,0.545,0.491,0.497,0.514,0.542,0.53,0.522,0.504,0.498,0.526,0.596,0.519,0.532,0.571,0.544,0.54,0.518,0.511,0.538,0.553,0.569,0.502,0.498,0.497,0.508,0.521,0.483,0.51,0.505,0.528,0.514,0.505,0.522,0.499,0.469,0.493,0.49,0.499,0.525,0.518,0.524,0.552,0.542,0.534,0.519,0.478,0.493,0.549,0.545,0.528,0.548,0.529,0.556,0.541,0.508,0.534,0.495,0.556,0.528,0.514,0.538,0.476,0.503,0.541,0.53,0.525,0.521,0.553,0.535,0.505,0.545,0.553,0.512,0.56,0.573,0.541,0.495,0.533,0.58,0.516,0.497,0.542,0.545,0.497,0.54,0.572,0.552,0.512,0.535,0.602,0.505,0.585,0.586,0.517,0.546,0.575,0.556,0.499,0.546,0.53,0.525,0.509
Balloon,0.484,0.464,0.501,0.524,0.505,0.444,0.5,0.486,0.535,0.512,0.508,0.491,0.495,0.532,0.464,0.495,0.483,0.473,0.483,0.494,0.492,0.477,0.448,0.511,0.502,0.521,0.477,0.48,0.497,0.571,0.493,0.501,0.536,0.526,0.518,0.486,0.489,0.483,0.499,0.525,0.464,0.474,0.447,0.481,0.48,0.474,0.479,0.519,0.52,0.458,0.505,0.474,0.476,0.452,0.468,0.492,0.486,0.508,0.495,0.507,0.551,0.55,0.521,0.514,0.486,0.502,0.544,0.558,0.521,0.506,0.504,0.567,0.541,0.501,0.519,0.504,0.539,0.501,0.532,0.558,0.471,0.503,0.584,0.527,0.486,0.501,0.503,0.512,0.47,0.514,0.513,0.469,0.554,0.495,0.531,0.469,0.522,0.54,0.479,0.501,0.532,0.528,0.475,0.524,0.559,0.55,0.475,0.515,0.571,0.484,0.555,0.58,0.522,0.533,0.559,0.51,0.506,0.567,0.55,0.504,0.492
Witch,0.495,0.511,0.496,0.589,0.544,0.522,0.514,0.5,0.583,0.558,0.504,0.457,0.508,0.543,0.492,0.532,0.538,0.506,0.508,0.552,0.518,0.477,0.564,0.531,0.524,0.535,0.477,0.521,0.576,0.654,0.491,0.521,0.556,0.533,0.483,0.511,0.545,0.544,0.52,0.602,0.484,0.489,0.495,0.537,0.52,0.473,0.53,0.58,0.612,0.514,0.53,0.517,0.571,0.494,0.478,0.471,0.508,0.564,0.518,0.571,0.59,0.546,0.529,0.547,0.473,0.513,0.632,0.613,0.543,0.543,0.497,0.555,0.612,0.543,0.514,0.5,0.619,0.523,0.539,0.587,0.511,0.541,0.623,0.529,0.544,0.491,0.544,0.501,0.474,0.509,0.616,0.497,0.597,0.534,0.561,0.506,0.557,0.576,0.505,0.529,0.572,0.509,0.485,0.539,0.586,0.546,0.516,0.534,0.592,0.477,0.565,0.623,0.481,0.535,0.622,0.557,0.499,0.615,0.565,0.554,0.519
Barbarians,0.468,0.471,0.47,0.505,0.509,0.463,0.465,0.417,0.5,0.511,0.491,0.432,0.445,0.479,0.473,0.468,0.486,0.43,0.443,0.494,0.496,0.452,0.468,0.514,0.529,0.497,0.46,0.437,0.514,0.55,0.484,0.49,0.521,0.483,0.464,0.478,0.494,0.503,0.512,0.533,0.467,0.456,0.482,0.483,0.505,0.427,0.516,0.521,0.534,0.462,0.49,0.504,0.508,0.477,0.498,0.432,0.469,0.524,0.48,0.516,0.568,0.548,0.518,0.51,0.425,0.47,0.563,0.562,0.49,0.552,0.491,0.558,0.512,0.496,0.519,0.464,0.541,0.487,0.433,0.574,0.445,0.5,0.537,0.514,0.526,0.478,0.498,0.481,0.473,0.473,0.586,0.462,0.598,0.547,0.486,0.454,0.518,0.524,0.454,0.477,0.533,0.511,0.437,0.513,0.535,0.542,0.482,0.498,0.553,0.455,0.567,0.566,0.488,0.514,0.583,0.515,0.472,0.552,0.512,0.502,0.488
Golem,0.495,0.501,0.493,0.516,0.434,0.483,0.488,0.442,0.489,0.5,0.53,0.468,0.474,0.515,0.506,0.483,0.47,0.445,0.45,0.525,0.456,0.456,0.48,0.516,0.506,0.516,0.471,0.473,0.521,0.561,0.519,0.531,0.561,0.463,0.491,0.475,0.45,0.481,0.545,0.523,0.481,0.486,0.456,0.437,0.509,0.443,0.475,0.506,0.521,0.495,0.498,0.468,0.499,0.476,0.505,0.467,0.489,0.523,0.511,0.494,0.503,0.534,0.507,0.483,0.441,0.477,0.508,0.518,0.511,0.54,0.489,0.526,0.549,0.511,0.536,0.441,0.541,0.497,0.516,0.493,0.473,0.459,0.549,0.547,0.475,0.505,0.545,0.545,0.418,0.521,0.46,0.503,0.542,0.606,0.518,0.48,0.495,0.567,0.488,0.482,0.51,0.546,0.469,0.512,0.552,0.496,0.467,0.516,0.573,0.487,0.542,0.548,0.507,0.517,0.556,0.532,0.505,0.556,0.507,0.521,0.497
Skeletons,0.493,0.487,0.489,0.489,0.506,0.468,0.492,0.496,0.509,0.47,0.5,0.497,0.494,0.506,0.493,0.501,0.509,0.501,0.492,0.514,0.487,0.484,0.506,0.51,0.465,0.488,0.509,0.47,0.482,0.501,0.508,0.517,0.512,0.487,0.469,0.486,0.468,0.508,0.529,0.506,0.493,0.489,0.48,0.503,0.462,0.496,0.482,0.433,0.466,0.485,0.45,0.488,0.421,0.457,0.425,0.461,0.479,0.429,0.492,0.466,0.496,0.456,0.504,0.502,0.494,0.506,0.515,0.494,0.492,0.488,0.485,0.48,0.493,0.479,0.49,0.512,0.522,0.498,0.491,0.512,0.476,0.496,0.512,0.488,0.49,0.503,0.481,0.469,0.508,0.503,0.534,0.498,0.521,0.495,0.513,0.467,0.464,0.503,0.487,0.475,0.515,0.528,0.501,0.509,0.566,0.497,0.49,0.482,0.499,0.495,0.535,0.569,0.469,0.477,0.516,0.511,0.502,0.479,0.507,0.465,0.472
Valkyrie,0.5,0.505,0.502,0.552,0.498,0.5,0.509,0.543,0.568,0.532,0.503,0.5,0.521,0.542,0.486,0.532,0.512,0.516,0.503,0.534,0.52,0.485,0.533,0.545,0.529,0.533,0.515,0.502,0.544,0.581,0.497,0.524,0.549,0.516,0.506,0.507,0.503,0.527,0.514,0.551,0.505,0.499,0.494,0.519,0.521,0.504,0.507,0.519,0.549,0.502,0.518,0.525,0.52,0.499,0.471,0.495,0.511,0.519,0.518,0.549,0.555,0.547,0.53,0.534,0.49,0.501,0.601,0.565,0.569,0.525,0.529,0.563,0.562,0.546,0.52,0.528,0.577,0.525,0.549,0.585,0.503,0.526,0.58,0.531,0.519,0.499,0.552,0.502,0.507,0.516,0.579,0.5,0.568,0.507,0.562,0.497,0.531,0.577,0.5,0.515,0.555,0.535,0.506,0.544,0.582,0.558,0.507,0.535,0.597,0.488,0.57,0.61,0.477,0.536,0.575,0.548,0.513,0.578,0.564,0.517,0.507
Skeleton Army,0.496,0.5,0.49,0.574,0.546,0.497,0.505,0.492,0.555,0.526,0.506,0.479,0.5,0.539,0.508,0.522,0.55,0.51,0.513,0.53,0.529,0.495,0.535,0.528,0.522,0.527,0.491,0.508,0.562,0.576,0.502,0.507,0.541,0.557,0.515,0.507,0.537,0.528,0.525,0.582,0.502,0.497,0.497,0.537,0.522,0.493,0.537,0.536,0.546,0.508,0.523,0.531,0.551,0.492,0.488,0.49,0.496,0.55,0.522,0.561,0.59,0.544,0.527,0.537,0.491,0.496,0.591,0.575,0.515,0.564,0.534,0.556,0.557,0.527,0.517,0.51,0.577,0.518,0.525,0.595,0.498,0.511,0.583,0.515,0.541,0.504,0.532,0.486,0.491,0.511,0.581,0.5,0.575,0.487,0.536,0.494,0.548,0.55,0.507,0.52,0.544,0.526,0.5,0.54,0.58,0.576,0.499,0.529,0.583,0.487,0.572,0.595,0.481,0.551,0.61,0.554,0.508,0.569,0.498,0.542,0.519
Bomber,0.473,0.475,0.493,0.506,0.46,0.452,0.468,0.457,0.521,0.485,0.494,0.458,0.461,0.5,0.469,0.481,0.453,0.457,0.449,0.52,0.458,0.452,0.461,0.507,0.485,0.48,0.472,0.456,0.527,0.537,0.483,0.492,0.519,0.482,0.482,0.469,0.465,0.475,0.512,0.524,0.461,0.471,0.447,0.455,0.492,0.459,0.458,0.483,0.501,0.463,0.466,0.462,0.472,0.444,0.432,0.449,0.476,0.476,0.491,0.514,0.511,0.518,0.493,0.486,0.447,0.485,0.543,0.535,0.497,0.516,0.477,0.51,0.509,0.503,0.504,0.501,0.525,0.485,0.472,0.521,0.475,0.47,0.525,0.502,0.477,0.478,0.521,0.494,0.469,0.503,0.548,0.474,0.545,0.542,0.511,0.457,0.486,0.564,0.467,0.469,0.522,0.528,0.458,0.502,0.539,0.518,0.465,0.497,0.548,0.46,0.548,0.571,0.493,0.492,0.556,0.513,0.484,0.537,0.526,0.491,0.467
Musketeer,0.504,0.497,0.512,0.529,0.522,0.48,0.536,0.508,0.527,0.494,0.507,0.514,0.492,0.531,0.5,0.539,0.506,0.519,0.503,0.525,0.512,0.498,0.496,0.54,0.486,0.517,0.508,0.49,0.508,0.58,0.513,0.526,0.532,0.498,0.516,0.519,0.497,0.54,0.539,0.548,0.491,0.492,0.497,0.504,0.498,0.53,0.494,0.468,0.504,0.49,0.486,0.523,0.473,0.469,0.47,0.472,0.492,0.499,0.493,0.497,0.535,0.5,0.537,0.556,0.509,0.523,0.555,0.574,0.511,0.493,0.512,0.478,0.554,0.529,0.511,0.556,0.549,0.504,0.527,0.556,0.482,0.53,0.569,0.497,0.491,0.51,0.507,0.503,0.514,0.53,0.551,0.511,0.54,0.519,0.533,0.495,0.511,0.519,0.5,0.51,0.542,0.546,0.5,0.543,0.569,0.534,0.501,0.504,0.54,0.496,0.579,0.581,0.503,0.512,0.555,0.529,0.502,0.563,0.547,0.509,0.498
Baby Dragon,0.472,0.465,0.476,0.541,0.477,0.48,0.505,0.468,0.532,0.517,0.499,0.468,0.478,0.519,0.461,0.5,0.483,0.46,0.47,0.517,0.476,0.459,0.5,0.529,0.498,0.509,0.471,0.478,0.518,0.588,0.487,0.505,0.545,0.529,0.519,0.486,0.494,0.483,0.499,0.544,0.463,0.471,0.458,0.478,0.501,0.458,0.485,0.534,0.568,0.495,0.494,0.484,0.527,0.432,0.481,0.465,0.497,0.535,0.498,0.54,0.547,0.535,0.5,0.506,0.457,0.495,0.563,0.554,0.521,0.52,0.501,0.531,0.563,0.504,0.522,0.483,0.556,0.476,0.542,0.558,0.475,0.489,0.533,0.529,0.483,0.486,0.555,0.508,0.471,0.531,0.608,0.47,0.56,0.52,0.55,0.464,0.531,0.563,0.477,0.497,0.529,0.521,0.464,0.523,0.558,0.549,0.478,0.542,0.591,0.467,0.575,0.589,0.499,0.552,0.595,0.537,0.494,0.534,0.552,0.51,0.494
Prince,0.481,0.491,0.489,0.552,0.486,0.488,0.517,0.462,0.514,0.53,0.491,0.488,0.45,0.547,0.494,0.517,0.5,0.5,0.484,0.523,0.47,0.487,0.504,0.543,0.528,0.49,0.486,0.491,0.514,0.588,0.493,0.532,0.558,0.525,0.532,0.514,0.507,0.512,0.517,0.566,0.484,0.463,0.484,0.497,0.527,0.515,0.52,0.472,0.556,0.497,0.503,0.504,0.474,0.464,0.464,0.477,0.479,0.51,0.506,0.518,0.561,0.531,0.541,0.529,0.485,0.484,0.577,0.568,0.49,0.537,0.505,0.572,0.56,0.536,0.516,0.532,0.558,0.513,0.545,0.574,0.481,0.514,0.551,0.526,0.509,0.501,0.528,0.5,0.493,0.544,0.573,0.501,0.576,0.531,0.501,0.51,0.522,0.573,0.496,0.495,0.55,0.527,0.475,0.543,0.57,0.561,0.495,0.534,0.573,0.478,0.598,0.568,0.518,0.543,0.597,0.545,0.502,0.547,0.54,0.519,0.5
Wizard,0.489,0.499,0.499,0.564,0.49,0.515,0.527,0.494,0.57,0.555,0.499,0.484,0.49,0.543,0.481,0.54,0.5,0.5,0.481,0.53,0.489,0.481,0.559,0.543,0.529,0.535,0.483,0.489,0.558,0.648,0.494,0.516,0.548,0.512,0.523,0.512,0.498,0.532,0.512,0.586,0.484,0.486,0.479,0.52,0.513,0.501,0.498,0.546,0.596,0.499,0.5,0.512,0.555,0.468,0.464,0.468,0.499,0.546,0.513,0.568,0.563,0.542,0.525,0.56,0.473,0.492,0.625,0.605,0.538,0.538,0.523,0.537,0.6,0.554,0.527,0.539,0.588,0.52,0.539,0.595,0.489,0.512,0.567,0.526,0.521,0.498,0.548,0.51,0.474,0.521,0.625,0.496,0.591,0.515,0.559,0.501,0.551,0.576,0.492,0.519,0.566,0.518,0.484,0.531,0.576,0.572,0.496,0.533,0.598,0.481,0.597,0.606,0.495,0.553,0.608,0.551,0.497,0.546,0.567,0.532,0.504
Mini P.E.K.K.A,0.495,0.493,0.487,0.565,0.511,0.5,0.517,0.492,0.557,0.55,0.508,0.497,0.487,0.551,0.497,0.53,0.516,0.519,0.5,0.532,0.497,0.508,0.531,0.545,0.564,0.513,0.488,0.513,0.54,0.596,0.5,0.523,0.552,0.531,0.531,0.518,0.538,0.532,0.528,0.582,0.488,0.48,0.502,0.515,0.538,0.511,0.535,0.504,0.564,0.509,0.528,0.535,0.525,0.455,0.481,0.49,0.486,0.529,0.507,0.548,0.599,0.557,0.543,0.538,0.498,0.505,0.598,0.593,0.518,0.535,0.531,0.55,0.582,0.553,0.528,0.587,0.589,0.522,0.555,0.607,0.482,0.527,0.584,0.525,0.539,0.506,0.541,0.499,0.494,0.538,0.563,0.51,0.584,0.52,0.53,0.509,0.546,0.547,0.509,0.513,0.564,0.521,0.484,0.546,0.579,0.59,0.515,0.548,0.577,0.49,0.597,0.583,0.528,0.556,0.614,0.553,0.512,0.559,0.57,0.533,0.508
Spear Goblins,0.468,0.463,0.444,0.493,0.48,0.455,0.506,0.448,0.506,0.475,0.486,0.466,0.47,0.48,0.475,0.483,0.477,0.47,0.468,0.5,0.471,0.462,0.466,0.504,0.475,0.494,0.476,0.471,0.503,0.558,0.486,0.484,0.527,0.481,0.465,0.478,0.474,0.492,0.509,0.528,0.467,0.464,0.463,0.474,0.491,0.463,0.476,0.459,0.495,0.476,0.466,0.475,0.466,0.444,0.43,0.449,0.461,0.479,0.48,0.477,0.505,0.523,0.503,0.482,0.465,0.475,0.506,0.516,0.477,0.502,0.468,0.522,0.509,0.474,0.49,0.488,0.53,0.503,0.498,0.488,0.435,0.468,0.571,0.49,0.477,0.481,0.503,0.502,0.492,0.496,0.487,0.474,0.523,0.509,0.498,0.454,0.487,0.523,0.472,0.475,0.504,0.524,0.466,0.527,0.545,0.52,0.47,0.493,0.559,0.458,0.559,0.556,0.481,0.487,0.536,0.506,0.479,0.536,0.491,0.473,0.48
Giant Skeleton,0.493,0.512,0.493,0.541,0.505,0.509,0.508,0.482,0.504,0.544,0.513,0.48,0.471,0.542,0.488,0.524,0.53,0.511,0.503,0.529,0.5,0.477,0.545,0.531,0.526,0.524,0.486,0.507,0.546,0.593,0.501,0.542,0.551,0.537,0.53,0.506,0.505,0.523,0.514,0.549,0.502,0.487,0.493,0.506,0.538,0.511,0.515,0.513,0.56,0.511,0.523,0.506,0.53,0.48,0.512,0.493,0.499,0.538,0.516,0.535,0.548,0.544,0.532,0.544,0.479,0.47,0.572,0.571,0.496,0.57,0.529,0.537,0.561,0.535,0.534,0.504,0.569,0.536,0.543,0.58,0.507,0.486,0.58,0.546,0.557,0.49,0.52,0.524,0.465,0.526,0.575,0.511,0.606,0.561,0.516,0.51,0.535,0.561,0.502,0.504,0.554,0.539,0.478,0.544,0.594,0.546,0.499,0.52,0.561,0.486,0.569,0.611,0.478,0.532,0.6,0.55,0.509,0.544,0.544,0.5,0.523
Hog Rider,0.517,0.516,0.5,0.555,0.519,0.503,0.523,0.523,0.548,0.544,0.516,0.515,0.505,0.548,0.502,0.541,0.513,0.519,0.492,0.538,0.523,0.5,0.538,0.547,0.51,0.526,0.523,0.511,0.538,0.586,0.518,0.535,0.542,0.517,0.529,0.513,0.503,0.54,0.538,0.566,0.507,0.506,0.495,0.514,0.497,0.523,0.501,0.498,0.544,0.505,0.502,0.534,0.507,0.5,0.48,0.48,0.509,0.506,0.514,0.526,0.558,0.508,0.526,0.553,0.507,0.518,0.575,0.584,0.547,0.514,0.529,0.532,0.578,0.545,0.526,0.574,0.592,0.514,0.553,0.589,0.493,0.528,0.581,0.523,0.513,0.51,0.537,0.518,0.526,0.525,0.56,0.514,0.57,0.533,0.554,0.501,0.512,0.548,0.512,0.509,0.549,0.552,0.513,0.544,0.573,0.572,0.508,0.535,0.566,0.508,0.579,0.601,0.5,0.542,0.57,0.55,0.524,0.554,0.564,0.52,0.509
Minion Horde,0.481,0.506,0.486,0.537,0.499,0.486,0.552,0.436,0.532,0.52,0.494,0.467,0.465,0.539,0.504,0.5,0.496,0.441,0.469,0.534,0.455,0.462,0.5,0.527,0.52,0.518,0.466,0.493,0.528,0.612,0.487,0.477,0.551,0.545,0.552,0.506,0.511,0.534,0.523,0.587,0.48,0.474,0.469,0.499,0.515,0.454,0.499,0.504,0.55,0.49,0.498,0.491,0.515,0.457,0.493,0.469,0.469,0.544,0.495,0.524,0.565,0.542,0.523,0.551,0.441,0.441,0.555,0.566,0.499,0.534,0.52,0.552,0.551,0.514,0.513,0.478,0.564,0.522,0.527,0.569,0.464,0.492,0.564,0.499,0.495,0.486,0.525,0.502,0.478,0.519,0.524,0.48,0.585,0.545,0.531,0.456,0.536,0.547,0.484,0.455,0.539,0.529,0.474,0.537,0.539,0.579,0.478,0.514,0.568,0.48,0.602,0.548,0.493,0.558,0.585,0.525,0.458,0.564,0.521,0.551,0.493
Ice Wizard,0.461,0.456,0.483,0.502,0.475,0.458,0.489,0.469,0.486,0.484,0.49,0.455,0.472,0.493,0.46,0.471,0.457,0.457,0.455,0.496,0.469,0.453,0.473,0.5,0.47,0.482,0.456,0.452,0.501,0.521,0.479,0.497,0.513,0.48,0.466,0.468,0.457,0.48,0.514,0.512,0.453,0.45,0.454,0.467,0.477,0.471,0.462,0.462,0.519,0.48,0.467,0.475,0.458,0.446,0.416,0.45,0.477,0.459,0.476,0.482,0.516,0.493,0.484,0.482,0.457,0.479,0.518,0.517,0.494,0.48,0.465,0.507,0.496,0.483,0.491,0.491,0.52,0.471,0.489,0.521,0.471,0.492,0.521,0.49,0.462,0.475,0.498,0.479,0.469,0.487,0.527,0.465,0.512,0.495,0.503,0.46,0.476,0.525,0.459,0.478,0.519,0.508,0.438,0.506,0.565,0.494,0.469,0.488,0.532,0.454,0.536,0.592,0.476,0.485,0.534,0.511,0.485,0.528,0.507,0.473,0.472
Royal Giant,0.519,0.51,0.474,0.524,0.453,0.47,0.498,0.476,0.471,0.494,0.535,0.471,0.478,0.515,0.514,0.502,0.472,0.471,0.436,0.525,0.474,0.49,0.48,0.53,0.5,0.508,0.494,0.466,0.505,0.539,0.526,0.515,0.541,0.49,0.522,0.474,0.448,0.48,0.573,0.519,0.479,0.478,0.447,0.433,0.494,0.485,0.465,0.47,0.499,0.475,0.478,0.494,0.454,0.455,0.46,0.451,0.481,0.468,0.49,0.495,0.497,0.523,0.512,0.494,0.477,0.47,0.524,0.522,0.512,0.504,0.494,0.501,0.496,0.485,0.533,0.499,0.544,0.497,0.528,0.513,0.457,0.518,0.542,0.506,0.484,0.525,0.498,0.519,0.481,0.543,0.479,0.516,0.527,0.617,0.529,0.466,0.478,0.567,0.501,0.478,0.507,0.547,0.485,0.504,0.532,0.509,0.464,0.506,0.571,0.497,0.561,0.564,0.522,0.503,0.524,0.544,0.513,0.554,0.502,0.469,0.475
Guards,0.49,0.486,0.482,0.513,0.515,0.478,0.479,0.465,0.503,0.484,0.512,0.467,0.473,0.52,0.483,0.491,0.51,0.465,0.487,0.506,0.476,0.474,0.482,0.518,0.492,0.5,0.485,0.44,0.51,0.53,0.499,0.508,0.536,0.515,0.478,0.477,0.495,0.501,0.528,0.522,0.476,0.469,0.478,0.478,0.489,0.473,0.507,0.473,0.505,0.479,0.471,0.489,0.478,0.462,0.447,0.455,0.466,0.477,0.494,0.489,0.521,0.521,0.518,0.503,0.468,0.492,0.528,0.522,0.495,0.531,0.482,0.527,0.496,0.481,0.507,0.448,0.525,0.488,0.485,0.53,0.453,0.504,0.537,0.506,0.514,0.499,0.523,0.49,0.473,0.501,0.559,0.49,0.54,0.532,0.505,0.475,0.48,0.555,0.483,0.479,0.532,0.516,0.465,0.512,0.56,0.499,0.493,0.502,0.577,0.474,0.553,0.564,0.511,0.501,0.525,0.521,0.483,0.526,0.508,0.49,0.485
Princess,0.483,0.498,0.472,0.552,0.532,0.496,0.523,0.523,0.54,0.529,0.491,0.485,0.509,0.528,0.492,0.529,0.514,0.517,0.512,0.524,0.514,0.477,0.534,0.544,0.506,0.515,0.5,0.472,0.511,0.589,0.493,0.504,0.534,0.542,0.504,0.506,0.49,0.545,0.523,0.549,0.492,0.491,0.501,0.504,0.492,0.509,0.502,0.468,0.539,0.51,0.462,0.514,0.471,0.446,0.45,0.498,0.486,0.475,0.492,0.501,0.545,0.511,0.515,0.558,0.489,0.483,0.557,0.545,0.516,0.512,0.51,0.548,0.529,0.511,0.501,0.528,0.524,0.502,0.503,0.561,0.45,0.528,0.526,0.498,0.5,0.498,0.539,0.458,0.503,0.496,0.534,0.498,0.557,0.478,0.561,0.488,0.514,0.528,0.495,0.515,0.548,0.512,0.505,0.535,0.584,0.55,0.512,0.514,0.586,0.465,0.591,0.622,0.448,0.522,0.567,0.535,0.478,0.507,0.538,0.542,0.497
Dark Prince,0.502,0.508,0.534,0.543,0.488,0.502,0.52,0.479,0.563,0.527,0.53,0.498,0.492,0.544,0.51,0.522,0.509,0.511,0.487,0.529,0.493,0.489,0.507,0.548,0.534,0.56,0.528,0.5,0.567,0.584,0.506,0.55,0.58,0.524,0.533,0.52,0.504,0.546,0.534,0.55,0.498,0.496,0.483,0.511,0.545,0.528,0.506,0.513,0.558,0.505,0.529,0.512,0.496,0.484,0.478,0.492,0.505,0.526,0.525,0.53,0.551,0.565,0.568,0.53,0.488,0.507,0.583,0.58,0.506,0.545,0.522,0.555,0.554,0.543,0.531,0.509,0.578,0.505,0.542,0.568,0.5,0.512,0.592,0.538,0.502,0.508,0.534,0.537,0.524,0.547,0.558,0.506,0.587,0.564,0.532,0.508,0.498,0.616,0.51,0.511,0.562,0.566,0.492,0.559,0.571,0.552,0.506,0.535,0.607,0.49,0.608,0.573,0.515,0.528,0.584,0.562,0.517,0.596,0.561,0.52,0.493
Three Musketeers,0.494,0.487,0.523,0.509,0.497,0.474,0.503,0.424,0.486,0.479,0.518,0.456,0.438,0.473,0.492,0.482,0.486,0.442,0.46,0.497,0.454,0.462,0.472,0.499,0.495,0.49,0.489,0.433,0.5,0.548,0.503,0.493,0.541,0.437,0.464,0.487,0.436,0.51,0.534,0.51,0.472,0.474,0.479,0.459,0.515,0.482,0.487,0.501,0.519,0.479,0.46,0.46,0.492,0.462,0.458,0.43,0.45,0.505,0.48,0.5,0.508,0.537,0.516,0.509,0.445,0.504,0.523,0.541,0.429,0.508,0.483,0.484,0.506,0.493,0.51,0.481,0.536,0.466,0.457,0.501,0.479,0.551,0.545,0.495,0.465,0.486,0.538,0.505,0.551,0.478,0.51,0.487,0.581,0.543,0.485,0.461,0.482,0.55,0.436,0.477,0.521,0.518,0.473,0.541,0.534,0.472,0.471,0.454,0.557,0.462,0.573,0.53,0.519,0.461,0.534,0.506,0.456,0.55,0.515,0.52,0.453
Lava Hound,0.431,0.4,0.428,0.451,0.463,0.404,0.429,0.346,0.45,0.439,0.499,0.419,0.424,0.463,0.42,0.412,0.412,0.352,0.404,0.442,0.407,0.414,0.388,0.479,0.461,0.47,0.411,0.416,0.452,0.5,0.462,0.47,0.514,0.505,0.439,0.408,0.437,0.4,0.477,0.469,0.405,0.397,0.415,0.375,0.443,0.352,0.427,0.463,0.432,0.389,0.437,0.38,0.46,0.391,0.467,0.424,0.434,0.469,0.459,0.425,0.499,0.493,0.481,0.418,0.403,0.465,0.434,0.489,0.448,0.476,0.453,0.515,0.47,0.443,0.496,0.37,0.451,0.421,0.467,0.469,0.393,0.418,0.517,0.485,0.403,0.497,0.457,0.49,0.393,0.519,0.457,0.403,0.504,0.479,0.46,0.406,0.496,0.516,0.42,0.416,0.447,0.485,0.381,0.471,0.484,0.468,0.413,0.459,0.516,0.432,0.518,0.492,0.5,0.474,0.497,0.468,0.455,0.504,0.46,0.453,0.453
Ice Spirit,0.491,0.488,0.493,0.507,0.514,0.481,0.507,0.509,0.516,0.481,0.492,0.503,0.498,0.517,0.487,0.513,0.507,0.506,0.5,0.514,0.499,0.482,0.513,0.521,0.474,0.501,0.507,0.494,0.497,0.538,0.5,0.516,0.51,0.509,0.484,0.492,0.474,0.527,0.523,0.527,0.495,0.487,0.487,0.505,0.481,0.51,0.482,0.434,0.484,0.492,0.468,0.519,0.435,0.465,0.428,0.473,0.483,0.439,0.49,0.468,0.524,0.47,0.507,0.523,0.498,0.508,0.529,0.533,0.498,0.48,0.488,0.495,0.53,0.501,0.491,0.558,0.551,0.5,0.509,0.528,0.485,0.51,0.555,0.488,0.48,0.497,0.489,0.467,0.511,0.508,0.546,0.497,0.526,0.483,0.53,0.469,0.476,0.508,0.487,0.488,0.532,0.528,0.504,0.532,0.569,0.527,0.497,0.495,0.51,0.485,0.55,0.576,0.462,0.488,0.529,0.517,0.5,0.528,0.532,0.469,0.475
Fire Spirit,0.478,0.476,0.501,0.513,0.482,0.468,0.499,0.479,0.51,0.469,0.483,0.476,0.493,0.508,0.474,0.495,0.468,0.484,0.477,0.516,0.458,0.465,0.523,0.503,0.485,0.492,0.496,0.45,0.507,0.53,0.484,0.5,0.519,0.51,0.474,0.483,0.46,0.507,0.503,0.521,0.474,0.476,0.475,0.492,0.481,0.481,0.475,0.452,0.5,0.494,0.465,0.479,0.434,0.429,0.429,0.466,0.471,0.459,0.483,0.479,0.5,0.498,0.506,0.49,0.471,0.478,0.521,0.525,0.473,0.479,0.485,0.491,0.51,0.486,0.481,0.496,0.55,0.498,0.519,0.48,0.446,0.454,0.543,0.47,0.47,0.487,0.478,0.47,0.495,0.488,0.497,0.482,0.527,0.506,0.508,0.451,0.48,0.526,0.477,0.479,0.524,0.518,0.493,0.517,0.543,0.497,0.49,0.484,0.527,0.469,0.546,0.55,0.462,0.473,0.511,0.509,0.477,0.539,0.502,0.441,0.45
Miner,0.46,0.452,0.453,0.455,0.466,0.429,0.464,0.444,0.479,0.439,0.488,0.451,0.459,0.481,0.468,0.455,0.442,0.452,0.448,0.473,0.449,0.458,0.449,0.487,0.459,0.464,0.466,0.42,0.459,0.486,0.49,0.481,0.5,0.468,0.452,0.442,0.432,0.469,0.504,0.477,0.45,0.451,0.438,0.453,0.46,0.446,0.439,0.44,0.45,0.448,0.434,0.446,0.425,0.417,0.407,0.443,0.441,0.431,0.455,0.462,0.468,0.475,0.481,0.463,0.458,0.473,0.483,0.486,0.469,0.472,0.461,0.486,0.46,0.433,0.476,0.427,0.463,0.481,0.452,0.46,0.417,0.484,0.487,0.463,0.455,0.482,0.463,0.441,0.474,0.49,0.468,0.465,0.495,0.466,0.479,0.432,0.46,0.496,0.451,0.447,0.483,0.498,0.456,0.477,0.543,0.459,0.446,0.462,0.51,0.462,0.518,0.558,0.477,0.461,0.494,0.481,0.463,0.487,0.46,0.469,0.465
Sparky,0.482,0.5,0.496,0.531,0.505,0.456,0.474,0.467,0.517,0.537,0.513,0.484,0.443,0.518,0.502,0.471,0.475,0.488,0.469,0.519,0.463,0.483,0.455,0.52,0.51,0.485,0.458,0.476,0.563,0.495,0.491,0.49,0.532,0.5,0.52,0.482,0.467,0.458,0.523,0.493,0.472,0.458,0.41,0.483,0.539,0.531,0.468,0.455,0.541,0.467,0.503,0.497,0.499,0.474,0.454,0.47,0.465,0.458,0.505,0.501,0.541,0.543,0.533,0.438,0.477,0.487,0.542,0.568,0.497,0.547,0.501,0.458,0.499,0.527,0.516,0.564,0.531,0.51,0.522,0.561,0.478,0.497,0.582,0.519,0.497,0.496,0.545,0.494,0.45,0.552,0.595,0.506,0.546,0.513,0.475,0.479,0.486,0.55,0.491,0.492,0.541,0.461,0.452,0.503,0.555,0.525,0.45,0.509,0.564,0.476,0.577,0.567,0.543,0.498,0.594,0.54,0.465,0.584,0.549,0.472,0.459
Bowler,0.513,0.511,0.519,0.481,0.479,0.46,0.482,0.517,0.536,0.509,0.531,0.494,0.485,0.518,0.484,0.481,0.468,0.477,0.469,0.535,0.47,0.471,0.448,0.534,0.478,0.522,0.496,0.467,0.536,0.561,0.516,0.526,0.548,0.48,0.5,0.483,0.519,0.471,0.533,0.506,0.486,0.477,0.461,0.493,0.522,0.495,0.497,0.557,0.551,0.468,0.498,0.527,0.512,0.543,0.457,0.463,0.475,0.506,0.505,0.511,0.515,0.515,0.537,0.499,0.477,0.481,0.59,0.566,0.52,0.519,0.506,0.494,0.501,0.554,0.522,0.479,0.537,0.54,0.544,0.52,0.468,0.52,0.554,0.528,0.499,0.508,0.574,0.527,0.484,0.523,0.591,0.494,0.56,0.597,0.556,0.504,0.523,0.581,0.492,0.492,0.543,0.556,0.468,0.522,0.567,0.515,0.481,0.528,0.59,0.486,0.568,0.59,0.547,0.52,0.589,0.535,0.524,0.558,0.541,0.468,0.496
Lumberjack,0.495,0.49,0.514,0.53,0.49,0.482,0.514,0.489,0.522,0.525,0.514,0.493,0.493,0.531,0.481,0.514,0.486,0.488,0.482,0.522,0.494,0.487,0.494,0.532,0.526,0.523,0.494,0.48,0.513,0.592,0.508,0.517,0.558,0.518,0.517,0.5,0.491,0.514,0.507,0.54,0.487,0.495,0.475,0.477,0.507,0.495,0.498,0.498,0.542,0.497,0.512,0.503,0.473,0.474,0.503,0.487,0.499,0.51,0.505,0.511,0.56,0.545,0.526,0.529,0.49,0.505,0.557,0.562,0.521,0.526,0.514,0.562,0.549,0.523,0.528,0.476,0.563,0.518,0.52,0.578,0.465,0.515,0.563,0.538,0.503,0.504,0.546,0.526,0.502,0.523,0.596,0.494,0.563,0.535,0.537,0.499,0.508,0.579,0.495,0.505,0.54,0.547,0.488,0.532,0.568,0.539,0.488,0.533,0.59,0.493,0.565,0.598,0.526,0.538,0.573,0.531,0.523,0.556,0.55,0.519,0.509
Battle Ram,0.506,0.494,0.486,0.514,0.49,0.489,0.511,0.455,0.506,0.55,0.532,0.497,0.463,0.535,0.503,0.506,0.493,0.502,0.462,0.526,0.495,0.497,0.489,0.543,0.552,0.505,0.51,0.496,0.564,0.563,0.526,0.54,0.568,0.533,0.481,0.509,0.5,0.529,0.544,0.541,0.497,0.492,0.493,0.475,0.537,0.522,0.5,0.474,0.552,0.506,0.515,0.507,0.468,0.482,0.483,0.495,0.488,0.504,0.51,0.493,0.555,0.583,0.541,0.529,0.499,0.519,0.541,0.594,0.47,0.533,0.502,0.565,0.569,0.54,0.543,0.549,0.569,0.49,0.531,0.562,0.491,0.486,0.585,0.539,0.521,0.511,0.508,0.512,0.532,0.524,0.448,0.507,0.567,0.568,0.495,0.51,0.48,0.584,0.501,0.498,0.555,0.572,0.479,0.552,0.564,0.567,0.506,0.53,0.567,0.499,0.617,0.581,0.542,0.526,0.6,0.55,0.53,0.6,0.556,0.509,0.51
Inferno Dragon,0.469,0.465,0.466,0.555,0.513,0.462,0.517,0.456,0.497,0.519,0.492,0.473,0.472,0.525,0.46,0.517,0.488,0.468,0.468,0.508,0.477,0.46,0.466,0.52,0.52,0.499,0.455,0.454,0.49,0.6,0.473,0.493,0.531,0.542,0.529,0.486,0.471,0.5,0.484,0.555,0.46,0.458,0.429,0.461,0.512,0.468,0.481,0.469,0.511,0.468,0.483,0.482,0.449,0.444,0.468,0.499,0.469,0.49,0.481,0.483,0.559,0.542,0.507,0.469,0.467,0.462,0.523,0.54,0.498,0.511,0.498,0.577,0.547,0.499,0.507,0.455,0.544,0.486,0.505,0.566,0.45,0.483,0.546,0.506,0.488,0.479,0.507,0.502,0.459,0.506,0.508,0.471,0.541,0.518,0.519,0.462,0.486,0.524,0.475,0.497,0.534,0.504,0.455,0.515,0.548,0.539,0.475,0.511,0.556,0.465,0.564,0.564,0.499,0.521,0.572,0.508,0.475,0.539,0.531,0.51,0.486
Ice Golem,0.467,0.462,0.468,0.467,0.516,0.447,0.501,0.48,0.488,0.455,0.471,0.486,0.475,0.488,0.461,0.501,0.483,0.488,0.472,0.491,0.486,0.462,0.477,0.486,0.427,0.472,0.477,0.466,0.466,0.523,0.477,0.497,0.496,0.477,0.467,0.493,0.456,0.516,0.5,0.496,0.459,0.463,0.477,0.497,0.443,0.498,0.47,0.437,0.461,0.47,0.45,0.478,0.433,0.44,0.434,0.445,0.466,0.431,0.46,0.436,0.486,0.461,0.504,0.519,0.486,0.486,0.502,0.528,0.478,0.452,0.472,0.426,0.499,0.483,0.471,0.502,0.512,0.47,0.449,0.495,0.44,0.486,0.56,0.453,0.459,0.47,0.429,0.473,0.49,0.479,0.453,0.47,0.503,0.494,0.49,0.451,0.451,0.458,0.46,0.481,0.513,0.507,0.47,0.511,0.555,0.483,0.479,0.452,0.486,0.465,0.543,0.577,0.451,0.461,0.513,0.478,0.459,0.518,0.512,0.474,0.458
Mega Minion,0.456,0.432,0.448,0.48,0.447,0.431,0.475,0.398,0.467,0.477,0.494,0.449,0.418,0.476,0.452,0.456,0.434,0.414,0.418,0.472,0.451,0.434,0.413,0.488,0.481,0.478,0.451,0.45,0.49,0.531,0.473,0.479,0.523,0.507,0.494,0.46,0.459,0.445,0.504,0.5,0.444,0.441,0.438,0.412,0.472,0.429,0.455,0.468,0.493,0.438,0.468,0.442,0.462,0.426,0.455,0.447,0.449,0.494,0.468,0.468,0.516,0.527,0.495,0.47,0.432,0.444,0.502,0.529,0.449,0.495,0.464,0.528,0.539,0.475,0.503,0.454,0.518,0.451,0.513,0.518,0.466,0.462,0.511,0.501,0.439,0.475,0.485,0.489,0.449,0.493,0.516,0.454,0.551,0.54,0.466,0.445,0.485,0.544,0.455,0.454,0.502,0.515,0.416,0.494,0.506,0.513,0.444,0.484,0.548,0.448,0.551,0.53,0.5,0.491,0.543,0.498,0.476,0.536,0.496,0.47,0.467
Dart Goblin,0.498,0.506,0.494,0.538,0.516,0.498,0.536,0.516,0.533,0.519,0.507,0.495,0.498,0.539,0.509,0.537,0.516,0.516,0.512,0.533,0.498,0.493,0.52,0.547,0.521,0.524,0.508,0.502,0.528,0.595,0.505,0.526,0.55,0.528,0.514,0.513,0.503,0.54,0.541,0.556,0.5,0.488,0.498,0.51,0.527,0.512,0.503,0.482,0.531,0.503,0.49,0.521,0.493,0.478,0.469,0.492,0.491,0.499,0.51,0.517,0.555,0.534,0.532,0.551,0.498,0.507,0.563,0.559,0.514,0.512,0.51,0.551,0.552,0.542,0.517,0.568,0.564,0.524,0.543,0.557,0.482,0.54,0.57,0.524,0.513,0.51,0.536,0.481,0.504,0.539,0.581,0.507,0.549,0.5,0.55,0.497,0.529,0.557,0.507,0.503,0.549,0.532,0.502,0.554,0.584,0.56,0.515,0.53,0.581,0.481,0.587,0.593,0.489,0.532,0.565,0.553,0.514,0.554,0.553,0.524,0.499
Goblin Gang,0.502,0.51,0.5,0.551,0.532,0.502,0.526,0.511,0.544,0.514,0.511,0.501,0.503,0.529,0.508,0.529,0.537,0.514,0.52,0.536,0.513,0.494,0.526,0.55,0.522,0.531,0.509,0.504,0.526,0.603,0.513,0.524,0.549,0.542,0.523,0.505,0.508,0.542,0.537,0.559,0.512,0.5,0.505,0.518,0.526,0.515,0.524,0.485,0.522,0.511,0.492,0.537,0.494,0.477,0.468,0.501,0.494,0.505,0.515,0.52,0.564,0.528,0.528,0.539,0.501,0.511,0.55,0.55,0.508,0.535,0.505,0.559,0.568,0.517,0.52,0.552,0.574,0.53,0.553,0.562,0.5,0.544,0.57,0.53,0.523,0.514,0.543,0.492,0.508,0.518,0.563,0.511,0.551,0.52,0.553,0.49,0.525,0.561,0.512,0.519,0.545,0.539,0.51,0.558,0.583,0.567,0.508,0.536,0.574,0.486,0.585,0.589,0.486,0.53,0.577,0.549,0.525,0.562,0.54,0.536,0.512
Electro Wizard,0.503,0.511,0.492,0.569,0.493,0.503,0.553,0.505,0.518,0.544,0.52,0.506,0.503,0.553,0.503,0.542,0.516,0.521,0.498,0.537,0.507,0.505,0.531,0.546,0.553,0.522,0.499,0.517,0.521,0.585,0.513,0.525,0.562,0.59,0.539,0.525,0.507,0.571,0.523,0.562,0.502,0.495,0.5,0.51,0.53,0.521,0.506,0.469,0.548,0.52,0.508,0.561,0.484,0.462,0.464,0.504,0.498,0.494,0.517,0.512,0.593,0.547,0.533,0.551,0.505,0.533,0.583,0.561,0.53,0.548,0.537,0.589,0.56,0.546,0.535,0.566,0.567,0.523,0.536,0.592,0.486,0.523,0.557,0.528,0.535,0.515,0.54,0.505,0.501,0.531,0.577,0.517,0.57,0.531,0.543,0.508,0.516,0.569,0.506,0.523,0.569,0.525,0.496,0.55,0.588,0.574,0.516,0.533,0.587,0.502,0.601,0.608,0.532,0.55,0.608,0.556,0.519,0.55,0.555,0.555,0.518
Elite Barbarians,0.495,0.508,0.486,0.557,0.5,0.492,0.519,0.463,0.517,0.563,0.497,0.481,0.463,0.545,0.496,0.522,0.503,0.48,0.485,0.526,0.494,0.486,0.501,0.533,0.567,0.522,0.496,0.489,0.541,0.625,0.495,0.508,0.547,0.517,0.507,0.523,0.525,0.539,0.503,0.588,0.49,0.482,0.49,0.5,0.545,0.498,0.52,0.51,0.585,0.501,0.515,0.529,0.531,0.466,0.493,0.463,0.485,0.539,0.507,0.535,0.597,0.572,0.538,0.539,0.476,0.513,0.588,0.599,0.506,0.534,0.525,0.592,0.591,0.557,0.539,0.551,0.586,0.519,0.536,0.627,0.477,0.52,0.573,0.522,0.532,0.495,0.533,0.519,0.507,0.521,0.559,0.496,0.606,0.554,0.532,0.495,0.557,0.568,0.5,0.51,0.559,0.524,0.477,0.534,0.545,0.585,0.509,0.542,0.567,0.482,0.592,0.573,0.521,0.557,0.619,0.541,0.503,0.577,0.573,0.552,0.492
Hunter,0.499,0.49,0.484,0.509,0.46,0.479,0.52,0.48,0.495,0.491,0.538,0.479,0.478,0.508,0.502,0.499,0.473,0.487,0.462,0.509,0.462,0.503,0.485,0.523,0.506,0.511,0.508,0.455,0.485,0.557,0.519,0.519,0.54,0.461,0.478,0.493,0.463,0.488,0.557,0.528,0.473,0.474,0.47,0.455,0.5,0.493,0.49,0.454,0.516,0.49,0.485,0.496,0.444,0.435,0.426,0.454,0.457,0.464,0.485,0.47,0.493,0.512,0.521,0.508,0.478,0.482,0.521,0.526,0.505,0.511,0.492,0.525,0.514,0.487,0.516,0.493,0.522,0.497,0.479,0.516,0.455,0.496,0.526,0.504,0.48,0.522,0.502,0.485,0.49,0.5,0.505,0.505,0.547,0.552,0.518,0.475,0.47,0.551,0.492,0.481,0.518,0.532,0.477,0.504,0.555,0.49,0.48,0.498,0.57,0.489,0.567,0.565,0.542,0.495,0.524,0.529,0.498,0.534,0.499,0.478,0.469
Executioner,0.492,0.509,0.506,0.547,0.472,0.517,0.526,0.527,0.573,0.557,0.504,0.496,0.507,0.541,0.47,0.542,0.485,0.499,0.489,0.537,0.489,0.477,0.546,0.529,0.515,0.527,0.491,0.472,0.518,0.648,0.49,0.519,0.554,0.469,0.505,0.505,0.478,0.532,0.502,0.571,0.488,0.485,0.479,0.502,0.507,0.5,0.49,0.51,0.594,0.505,0.493,0.501,0.504,0.502,0.443,0.47,0.522,0.52,0.513,0.518,0.518,0.53,0.515,0.557,0.486,0.495,0.614,0.579,0.551,0.514,0.522,0.547,0.559,0.539,0.514,0.517,0.556,0.514,0.504,0.557,0.463,0.54,0.556,0.525,0.497,0.495,0.564,0.515,0.483,0.507,0.607,0.495,0.587,0.532,0.57,0.512,0.524,0.574,0.502,0.515,0.549,0.514,0.484,0.524,0.594,0.534,0.499,0.525,0.6,0.484,0.579,0.624,0.495,0.528,0.555,0.538,0.499,0.552,0.545,0.538,0.513
Bandit,0.49,0.501,0.481,0.534,0.482,0.49,0.521,0.47,0.484,0.525,0.518,0.493,0.463,0.542,0.506,0.515,0.48,0.502,0.465,0.524,0.485,0.499,0.501,0.538,0.535,0.493,0.498,0.494,0.513,0.573,0.518,0.525,0.561,0.532,0.503,0.502,0.5,0.519,0.53,0.545,0.497,0.476,0.494,0.48,0.51,0.51,0.5,0.453,0.535,0.504,0.498,0.515,0.47,0.442,0.473,0.484,0.482,0.497,0.51,0.506,0.544,0.543,0.538,0.539,0.502,0.504,0.554,0.544,0.487,0.542,0.506,0.559,0.535,0.536,0.537,0.535,0.54,0.501,0.548,0.561,0.492,0.501,0.53,0.528,0.511,0.517,0.528,0.524,0.51,0.524,0.507,0.508,0.562,0.55,0.514,0.509,0.507,0.563,0.499,0.501,0.548,0.546,0.477,0.538,0.561,0.551,0.504,0.526,0.568,0.494,0.599,0.581,0.551,0.529,0.589,0.543,0.521,0.528,0.537,0.509,0.507
Royal Recruits,0.539,0.539,0.529,0.509,0.558,0.495,0.481,0.42,0.479,0.494,0.567,0.481,0.464,0.517,0.532,0.466,0.528,0.454,0.496,0.541,0.487,0.502,0.496,0.538,0.53,0.527,0.532,0.487,0.499,0.537,0.566,0.548,0.56,0.545,0.443,0.502,0.526,0.531,0.563,0.532,0.518,0.515,0.531,0.49,0.546,0.49,0.547,0.5,0.506,0.479,0.497,0.521,0.489,0.467,0.48,0.487,0.489,0.508,0.535,0.499,0.573,0.553,0.566,0.511,0.492,0.591,0.523,0.542,0.451,0.583,0.496,0.595,0.495,0.502,0.586,0.474,0.553,0.527,0.509,0.552,0.517,0.547,0.569,0.552,0.555,0.538,0.507,0.534,0.588,0.504,0.558,0.534,0.552,0.644,0.5,0.497,0.52,0.568,0.53,0.495,0.544,0.586,0.49,0.537,0.597,0.546,0.526,0.519,0.529,0.523,0.562,0.576,0.572,0.495,0.601,0.538,0.536,0.552,0.534,0.524,0.519
Night Witch,0.494,0.484,0.462,0.49,0.43,0.472,0.48,0.388,0.466,0.479,0.534,0.451,0.454,0.499,0.496,0.432,0.444,0.404,0.436,0.505,0.44,0.456,0.45,0.481,0.501,0.495,0.461,0.442,0.481,0.568,0.516,0.5,0.55,0.459,0.449,0.458,0.448,0.489,0.539,0.507,0.469,0.478,0.452,0.415,0.484,0.406,0.465,0.494,0.5,0.481,0.476,0.449,0.492,0.46,0.479,0.451,0.478,0.502,0.497,0.495,0.495,0.523,0.479,0.446,0.431,0.479,0.504,0.508,0.479,0.548,0.488,0.556,0.497,0.45,0.522,0.388,0.501,0.477,0.477,0.464,0.471,0.472,0.526,0.521,0.468,0.496,0.5,0.522,0.475,0.492,0.507,0.492,0.517,0.564,0.482,0.445,0.498,0.541,0.475,0.463,0.49,0.533,0.45,0.479,0.544,0.476,0.453,0.476,0.535,0.475,0.525,0.551,0.511,0.486,0.552,0.498,0.477,0.536,0.468,0.511,0.484
Bats,0.491,0.499,0.484,0.547,0.487,0.486,0.542,0.486,0.538,0.505,0.515,0.498,0.492,0.537,0.51,0.505,0.503,0.501,0.491,0.524,0.489,0.495,0.51,0.52,0.525,0.521,0.49,0.495,0.521,0.611,0.508,0.506,0.552,0.533,0.532,0.503,0.494,0.532,0.53,0.562,0.497,0.489,0.48,0.499,0.51,0.495,0.496,0.521,0.519,0.5,0.5,0.509,0.52,0.448,0.487,0.496,0.485,0.522,0.513,0.538,0.552,0.538,0.515,0.516,0.494,0.495,0.557,0.55,0.519,0.546,0.521,0.559,0.565,0.504,0.509,0.521,0.562,0.511,0.539,0.558,0.48,0.512,0.558,0.521,0.517,0.51,0.522,0.506,0.494,0.538,0.567,0.505,0.541,0.514,0.535,0.485,0.527,0.535,0.504,0.51,0.527,0.525,0.49,0.541,0.563,0.564,0.484,0.517,0.572,0.495,0.564,0.574,0.517,0.539,0.56,0.536,0.511,0.55,0.524,0.54,0.509
Royal Ghost,0.508,0.506,0.506,0.517,0.487,0.495,0.495,0.47,0.51,0.502,0.55,0.482,0.477,0.534,0.514,0.506,0.497,0.5,0.472,0.534,0.477,0.498,0.502,0.533,0.522,0.529,0.538,0.471,0.54,0.563,0.532,0.535,0.566,0.497,0.502,0.488,0.485,0.517,0.55,0.532,0.51,0.508,0.492,0.485,0.515,0.507,0.502,0.503,0.524,0.5,0.5,0.499,0.489,0.479,0.473,0.478,0.491,0.501,0.512,0.514,0.53,0.549,0.548,0.517,0.497,0.52,0.542,0.564,0.484,0.551,0.49,0.547,0.511,0.511,0.534,0.47,0.537,0.504,0.516,0.539,0.489,0.522,0.557,0.523,0.508,0.528,0.518,0.519,0.526,0.52,0.567,0.512,0.544,0.566,0.508,0.506,0.492,0.595,0.508,0.495,0.534,0.56,0.492,0.528,0.567,0.513,0.501,0.519,0.575,0.498,0.577,0.563,0.542,0.505,0.545,0.539,0.512,0.558,0.528,0.511,0.508
Ram Rider,0.479,0.488,0.479,0.533,0.486,0.478,0.526,0.483,0.496,0.532,0.512,0.475,0.469,0.538,0.477,0.516,0.496,0.488,0.465,0.525,0.494,0.466,0.509,0.525,0.506,0.511,0.486,0.488,0.54,0.62,0.481,0.521,0.554,0.503,0.473,0.497,0.493,0.518,0.522,0.558,0.479,0.463,0.439,0.471,0.504,0.499,0.485,0.479,0.551,0.491,0.501,0.5,0.455,0.463,0.454,0.445,0.485,0.497,0.509,0.494,0.534,0.534,0.516,0.541,0.479,0.488,0.556,0.573,0.513,0.521,0.49,0.536,0.563,0.525,0.501,0.493,0.562,0.476,0.515,0.546,0.467,0.502,0.557,0.519,0.493,0.491,0.531,0.524,0.468,0.511,0.497,0.472,0.594,0.529,0.544,0.48,0.501,0.571,0.482,0.492,0.537,0.523,0.461,0.527,0.556,0.544,0.48,0.523,0.59,0.466,0.604,0.593,0.504,0.527,0.568,0.532,0.497,0.571,0.535,0.529,0.496
Zappies,0.535,0.528,0.505,0.499,0.535,0.501,0.524,0.429,0.492,0.501,0.579,0.48,0.449,0.528,0.527,0.473,0.526,0.445,0.475,0.534,0.47,0.493,0.485,0.542,0.546,0.522,0.529,0.504,0.508,0.54,0.565,0.566,0.575,0.501,0.488,0.527,0.532,0.551,0.567,0.538,0.507,0.506,0.516,0.469,0.556,0.496,0.53,0.511,0.508,0.48,0.511,0.545,0.5,0.488,0.48,0.469,0.5,0.518,0.534,0.5,0.556,0.57,0.542,0.529,0.492,0.603,0.514,0.562,0.472,0.582,0.484,0.588,0.533,0.507,0.585,0.553,0.564,0.517,0.509,0.532,0.502,0.521,0.568,0.547,0.542,0.551,0.526,0.527,0.568,0.511,0.542,0.53,0.532,0.641,0.499,0.51,0.52,0.583,0.507,0.501,0.553,0.594,0.475,0.538,0.589,0.555,0.51,0.518,0.556,0.519,0.594,0.571,0.578,0.519,0.574,0.553,0.522,0.583,0.528,0.511,0.529
Rascals,0.534,0.532,0.533,0.543,0.544,0.531,0.548,0.506,0.523,0.524,0.543,0.501,0.508,0.556,0.531,0.568,0.536,0.532,0.545,0.556,0.52,0.5,0.543,0.554,0.545,0.538,0.554,0.516,0.538,0.609,0.535,0.571,0.583,0.526,0.457,0.526,0.518,0.556,0.56,0.574,0.522,0.523,0.538,0.534,0.565,0.498,0.558,0.533,0.54,0.552,0.521,0.537,0.512,0.5,0.504,0.515,0.511,0.54,0.527,0.516,0.567,0.566,0.575,0.534,0.485,0.524,0.555,0.571,0.515,0.574,0.494,0.57,0.553,0.538,0.548,0.493,0.588,0.564,0.487,0.539,0.494,0.514,0.579,0.553,0.542,0.536,0.528,0.531,0.554,0.551,0.491,0.524,0.56,0.598,0.546,0.52,0.545,0.593,0.524,0.501,0.581,0.565,0.53,0.559,0.585,0.562,0.549,0.519,0.608,0.488,0.603,0.63,0.539,0.518,0.573,0.578,0.507,0.584,0.543,0.575,0.526
Cannon Cart,0.55,0.568,0.535,0.539,0.533,0.507,0.532,0.522,0.502,0.495,0.575,0.529,0.512,0.568,0.53,0.519,0.536,0.536,0.519,0.57,0.488,0.52,0.507,0.584,0.54,0.553,0.55,0.522,0.542,0.533,0.572,0.571,0.593,0.546,0.543,0.497,0.517,0.532,0.566,0.545,0.531,0.532,0.536,0.507,0.574,0.557,0.527,0.52,0.521,0.513,0.527,0.546,0.52,0.496,0.5,0.516,0.517,0.512,0.552,0.528,0.567,0.561,0.592,0.504,0.53,0.562,0.537,0.548,0.514,0.58,0.547,0.533,0.499,0.543,0.564,0.591,0.545,0.585,0.572,0.549,0.542,0.553,0.579,0.57,0.536,0.558,0.583,0.581,0.557,0.569,0.522,0.566,0.541,0.634,0.53,0.531,0.544,0.63,0.547,0.528,0.556,0.604,0.533,0.571,0.608,0.531,0.516,0.559,0.622,0.533,0.582,0.57,0.573,0.54,0.582,0.588,0.556,0.602,0.564,0.459,0.54
Mega Knight,0.506,0.535,0.524,0.568,0.48,0.51,0.508,0.529,0.568,0.533,0.539,0.505,0.51,0.551,0.528,0.535,0.523,0.532,0.51,0.551,0.507,0.52,0.531,0.55,0.549,0.545,0.502,0.508,0.57,0.576,0.527,0.534,0.557,0.53,0.537,0.513,0.505,0.501,0.555,0.553,0.508,0.499,0.496,0.537,0.546,0.53,0.516,0.513,0.549,0.504,0.522,0.555,0.531,0.485,0.484,0.5,0.492,0.521,0.532,0.58,0.563,0.544,0.536,0.527,0.512,0.493,0.59,0.558,0.534,0.578,0.537,0.571,0.565,0.565,0.544,0.543,0.571,0.536,0.585,0.596,0.502,0.546,0.586,0.548,0.545,0.538,0.574,0.507,0.472,0.552,0.626,0.533,0.574,0.556,0.552,0.522,0.519,0.578,0.523,0.516,0.557,0.529,0.502,0.549,0.585,0.569,0.506,0.543,0.587,0.511,0.579,0.603,0.549,0.547,0.606,0.567,0.542,0.557,0.566,0.545,0.528
Skeleton Barrel,0.504,0.503,0.503,0.534,0.528,0.501,0.514,0.492,0.531,0.511,0.521,0.489,0.504,0.524,0.508,0.503,0.521,0.501,0.514,0.539,0.501,0.491,0.531,0.523,0.519,0.534,0.514,0.495,0.55,0.566,0.517,0.529,0.559,0.535,0.525,0.501,0.512,0.531,0.534,0.551,0.509,0.506,0.502,0.515,0.543,0.478,0.518,0.511,0.522,0.515,0.509,0.515,0.5,0.489,0.483,0.508,0.5,0.507,0.522,0.514,0.548,0.557,0.534,0.522,0.502,0.503,0.537,0.549,0.497,0.538,0.516,0.571,0.534,0.497,0.521,0.519,0.559,0.537,0.556,0.538,0.49,0.53,0.594,0.536,0.521,0.502,0.53,0.5,0.52,0.491,0.56,0.508,0.553,0.518,0.513,0.488,0.516,0.564,0.512,0.516,0.537,0.555,0.507,0.551,0.586,0.542,0.507,0.528,0.557,0.489,0.561,0.593,0.491,0.508,0.574,0.544,0.522,0.564,0.505,0.519,0.526
Flying Machine,0.531,0.515,0.496,0.49,0.518,0.475,0.492,0.436,0.476,0.477,0.571,0.481,0.45,0.524,0.501,0.465,0.49,0.454,0.471,0.521,0.462,0.494,0.456,0.541,0.532,0.523,0.525,0.474,0.495,0.531,0.561,0.541,0.569,0.542,0.494,0.49,0.496,0.51,0.569,0.506,0.501,0.495,0.506,0.461,0.536,0.48,0.503,0.492,0.498,0.478,0.499,0.503,0.482,0.46,0.488,0.479,0.493,0.5,0.527,0.5,0.532,0.559,0.552,0.518,0.499,0.591,0.531,0.541,0.464,0.559,0.503,0.564,0.516,0.524,0.567,0.49,0.519,0.512,0.524,0.525,0.502,0.539,0.554,0.56,0.535,0.547,0.511,0.532,0.553,0.543,0.511,0.526,0.521,0.615,0.508,0.494,0.52,0.579,0.501,0.488,0.531,0.583,0.471,0.536,0.585,0.521,0.495,0.519,0.539,0.52,0.576,0.574,0.586,0.506,0.574,0.535,0.531,0.551,0.526,0.514,0.521
Wall Breakers,0.495,0.496,0.5,0.506,0.504,0.482,0.505,0.482,0.52,0.489,0.508,0.482,0.478,0.509,0.507,0.502,0.494,0.487,0.493,0.52,0.484,0.486,0.505,0.524,0.51,0.506,0.508,0.475,0.52,0.541,0.51,0.517,0.545,0.495,0.495,0.495,0.49,0.519,0.54,0.532,0.49,0.485,0.483,0.493,0.515,0.487,0.49,0.465,0.503,0.487,0.488,0.491,0.466,0.473,0.448,0.468,0.478,0.473,0.5,0.491,0.528,0.528,0.517,0.509,0.49,0.506,0.52,0.527,0.482,0.498,0.483,0.529,0.52,0.486,0.513,0.51,0.543,0.511,0.531,0.522,0.471,0.516,0.557,0.516,0.493,0.503,0.504,0.482,0.515,0.518,0.562,0.494,0.525,0.515,0.512,0.483,0.489,0.548,0.495,0.49,0.522,0.544,0.489,0.537,0.57,0.526,0.493,0.515,0.546,0.48,0.56,0.584,0.49,0.502,0.554,0.524,0.503,0.56,0.522,0.499,0.496
Royal Hogs,0.51,0.503,0.509,0.508,0.515,0.476,0.493,0.429,0.484,0.506,0.534,0.451,0.439,0.486,0.503,0.46,0.482,0.432,0.452,0.523,0.465,0.474,0.476,0.518,0.505,0.511,0.499,0.47,0.5,0.575,0.532,0.521,0.538,0.499,0.489,0.489,0.507,0.517,0.564,0.532,0.483,0.48,0.488,0.465,0.53,0.482,0.494,0.501,0.505,0.462,0.486,0.506,0.5,0.484,0.472,0.42,0.486,0.5,0.509,0.5,0.53,0.56,0.53,0.52,0.471,0.559,0.524,0.572,0.448,0.538,0.474,0.55,0.503,0.517,0.542,0.506,0.565,0.503,0.513,0.523,0.497,0.534,0.557,0.515,0.481,0.517,0.486,0.517,0.541,0.478,0.554,0.501,0.539,0.608,0.508,0.484,0.501,0.553,0.489,0.478,0.529,0.572,0.463,0.533,0.55,0.53,0.484,0.521,0.529,0.49,0.578,0.555,0.545,0.501,0.575,0.528,0.517,0.585,0.523,0.49,0.491
Goblin Giant,0.467,0.473,0.455,0.508,0.419,0.448,0.449,0.41,0.432,0.497,0.504,0.445,0.41,0.489,0.465,0.453,0.439,0.437,0.401,0.495,0.452,0.442,0.435,0.484,0.503,0.479,0.455,0.449,0.492,0.501,0.476,0.5,0.532,0.459,0.485,0.44,0.445,0.441,0.514,0.484,0.445,0.436,0.407,0.403,0.507,0.482,0.456,0.427,0.505,0.448,0.47,0.466,0.444,0.433,0.433,0.437,0.452,0.468,0.472,0.47,0.5,0.534,0.51,0.453,0.439,0.456,0.522,0.525,0.45,0.506,0.447,0.505,0.508,0.496,0.513,0.472,0.491,0.451,0.514,0.503,0.439,0.469,0.548,0.485,0.448,0.473,0.515,0.504,0.448,0.515,0.481,0.474,0.532,0.603,0.463,0.465,0.443,0.572,0.472,0.447,0.507,0.52,0.419,0.504,0.512,0.508,0.432,0.495,0.557,0.444,0.554,0.556,0.515,0.482,0.553,0.516,0.47,0.554,0.522,0.465,0.442
Fisherman,0.498,0.477,0.456,0.478,0.445,0.458,0.45,0.454,0.452,0.466,0.544,0.453,0.456,0.482,0.5,0.465,0.469,0.458,0.443,0.477,0.456,0.492,0.458,0.507,0.477,0.479,0.489,0.435,0.463,0.507,0.53,0.502,0.525,0.457,0.485,0.455,0.417,0.458,0.539,0.473,0.466,0.472,0.453,0.428,0.488,0.47,0.457,0.447,0.477,0.462,0.451,0.466,0.43,0.434,0.439,0.456,0.443,0.441,0.472,0.44,0.466,0.5,0.511,0.474,0.478,0.511,0.478,0.509,0.476,0.505,0.472,0.506,0.446,0.468,0.521,0.438,0.482,0.492,0.472,0.482,0.414,0.488,0.504,0.494,0.489,0.523,0.499,0.479,0.478,0.476,0.442,0.501,0.514,0.544,0.472,0.464,0.429,0.531,0.477,0.456,0.494,0.516,0.461,0.478,0.564,0.458,0.46,0.468,0.548,0.484,0.542,0.562,0.529,0.464,0.507,0.503,0.469,0.506,0.469,0.461,0.479
Magic Archer,0.478,0.475,0.469,0.482,0.465,0.466,0.479,0.471,0.482,0.493,0.496,0.47,0.473,0.507,0.463,0.5,0.459,0.475,0.457,0.497,0.468,0.474,0.477,0.516,0.488,0.482,0.485,0.432,0.484,0.519,0.493,0.494,0.519,0.467,0.463,0.474,0.459,0.493,0.496,0.505,0.468,0.472,0.467,0.462,0.479,0.485,0.462,0.434,0.521,0.485,0.452,0.484,0.458,0.425,0.408,0.464,0.466,0.448,0.483,0.47,0.49,0.489,0.5,0.511,0.472,0.493,0.53,0.511,0.515,0.499,0.498,0.519,0.481,0.484,0.5,0.469,0.5,0.487,0.459,0.5,0.433,0.488,0.507,0.489,0.486,0.49,0.511,0.476,0.486,0.496,0.51,0.487,0.54,0.502,0.506,0.475,0.466,0.528,0.452,0.484,0.518,0.514,0.469,0.502,0.554,0.499,0.474,0.473,0.557,0.47,0.565,0.585,0.497,0.49,0.524,0.509,0.463,0.494,0.498,0.485,0.482
Electro Dragon,0.473,0.481,0.49,0.54,0.472,0.481,0.486,0.453,0.49,0.517,0.498,0.466,0.463,0.514,0.444,0.494,0.471,0.44,0.462,0.518,0.456,0.447,0.449,0.518,0.506,0.497,0.442,0.47,0.491,0.582,0.477,0.51,0.537,0.562,0.501,0.471,0.471,0.531,0.481,0.53,0.449,0.461,0.449,0.461,0.492,0.443,0.461,0.489,0.554,0.484,0.483,0.459,0.471,0.466,0.496,0.473,0.478,0.482,0.491,0.48,0.547,0.526,0.489,0.5,0.45,0.482,0.556,0.556,0.515,0.484,0.491,0.575,0.552,0.506,0.52,0.46,0.533,0.504,0.459,0.558,0.473,0.477,0.546,0.526,0.484,0.47,0.527,0.525,0.448,0.503,0.545,0.471,0.559,0.561,0.522,0.459,0.5,0.527,0.465,0.491,0.54,0.503,0.442,0.5,0.59,0.471,0.485,0.519,0.56,0.46,0.546,0.59,0.49,0.516,0.568,0.509,0.475,0.516,0.542,0.481,0.484
Firecracker,0.507,0.531,0.502,0.557,0.517,0.522,0.514,0.527,0.575,0.559,0.506,0.51,0.509,0.553,0.491,0.543,0.515,0.527,0.502,0.535,0.521,0.493,0.559,0.543,0.523,0.532,0.511,0.512,0.555,0.597,0.502,0.529,0.542,0.523,0.523,0.51,0.501,0.533,0.514,0.568,0.502,0.499,0.495,0.524,0.522,0.514,0.498,0.508,0.569,0.506,0.503,0.521,0.508,0.515,0.47,0.488,0.498,0.501,0.51,0.529,0.561,0.522,0.528,0.55,0.5,0.506,0.593,0.578,0.548,0.521,0.533,0.536,0.578,0.542,0.524,0.573,0.587,0.532,0.541,0.586,0.495,0.538,0.583,0.524,0.517,0.5,0.538,0.509,0.495,0.513,0.62,0.513,0.592,0.54,0.557,0.501,0.519,0.554,0.511,0.502,0.556,0.537,0.506,0.543,0.588,0.568,0.516,0.524,0.555,0.5,0.583,0.616,0.484,0.53,0.575,0.545,0.508,0.554,0.563,0.526,0.506
Mighty Miner,0.495,0.516,0.485,0.539,0.505,0.507,0.498,0.487,0.53,0.523,0.494,0.499,0.504,0.515,0.477,0.505,0.516,0.508,0.495,0.525,0.53,0.482,0.559,0.521,0.53,0.508,0.517,0.493,0.496,0.535,0.492,0.522,0.527,0.513,0.519,0.495,0.481,0.538,0.514,0.556,0.493,0.489,0.467,0.487,0.518,0.505,0.496,0.409,0.521,0.505,0.48,0.512,0.397,0.476,0.438,0.507,0.497,0.409,0.494,0.441,0.544,0.489,0.507,0.518,0.494,0.5,0.526,0.536,0.505,0.491,0.502,0.525,0.536,0.492,0.51,0.488,0.559,0.499,0.488,0.542,0.51,0.489,0.61,0.484,0.514,0.486,0.466,0.498,0.517,0.5,0.517,0.494,0.561,0.554,0.505,0.475,0.443,0.485,0.499,0.488,0.537,0.544,0.501,0.548,0.594,0.54,0.507,0.491,0.509,0.488,0.544,0.602,0.456,0.479,0.567,0.521,0.501,0.519,0.543,0.502,0.478
Elixir Golem,0.468,0.468,0.452,0.481,0.441,0.451,0.456,0.368,0.437,0.492,0.485,0.399,0.409,0.457,0.445,0.437,0.423,0.375,0.402,0.494,0.428,0.425,0.445,0.482,0.476,0.472,0.443,0.417,0.477,0.566,0.471,0.479,0.517,0.458,0.41,0.443,0.459,0.477,0.498,0.498,0.437,0.45,0.417,0.412,0.479,0.386,0.446,0.477,0.496,0.443,0.458,0.444,0.486,0.445,0.463,0.41,0.463,0.469,0.48,0.476,0.478,0.522,0.47,0.444,0.407,0.474,0.5,0.498,0.458,0.493,0.455,0.563,0.503,0.504,0.503,0.421,0.5,0.483,0.461,0.485,0.431,0.453,0.501,0.472,0.436,0.442,0.488,0.503,0.484,0.453,0.507,0.451,0.532,0.575,0.478,0.434,0.461,0.525,0.449,0.441,0.488,0.508,0.425,0.476,0.524,0.479,0.445,0.482,0.506,0.435,0.515,0.522,0.48,0.477,0.519,0.487,0.454,0.518,0.486,0.442,0.443
Battle Healer,0.47,0.465,0.439,0.442,0.426,0.455,0.442,0.387,0.438,0.482,0.506,0.435,0.425,0.465,0.426,0.446,0.432,0.395,0.407,0.484,0.429,0.416,0.434,0.483,0.478,0.478,0.455,0.42,0.459,0.511,0.467,0.475,0.514,0.432,0.434,0.438,0.406,0.46,0.472,0.471,0.441,0.45,0.439,0.401,0.474,0.421,0.456,0.458,0.492,0.45,0.436,0.427,0.438,0.429,0.452,0.442,0.451,0.459,0.473,0.428,0.475,0.491,0.489,0.444,0.422,0.464,0.502,0.5,0.474,0.464,0.468,0.561,0.464,0.461,0.5,0.39,0.466,0.482,0.43,0.486,0.398,0.425,0.486,0.482,0.453,0.456,0.499,0.465,0.461,0.46,0.493,0.458,0.518,0.538,0.455,0.442,0.452,0.498,0.437,0.443,0.484,0.483,0.417,0.464,0.54,0.443,0.447,0.462,0.525,0.434,0.522,0.548,0.479,0.453,0.498,0.462,0.435,0.494,0.473,0.445,0.459
Skeleton King,0.488,0.487,0.49,0.532,0.502,0.472,0.479,0.457,0.51,0.489,0.508,0.431,0.485,0.503,0.489,0.479,0.51,0.462,0.482,0.523,0.504,0.453,0.501,0.506,0.488,0.505,0.484,0.494,0.571,0.552,0.502,0.527,0.531,0.503,0.48,0.479,0.53,0.502,0.522,0.551,0.486,0.492,0.47,0.494,0.495,0.449,0.513,0.549,0.521,0.481,0.516,0.487,0.528,0.485,0.486,0.466,0.503,0.536,0.518,0.552,0.55,0.524,0.485,0.485,0.452,0.495,0.542,0.526,0.5,0.548,0.504,0.543,0.518,0.523,0.517,0.501,0.575,0.499,0.566,0.535,0.517,0.49,0.64,0.53,0.514,0.482,0.53,0.497,0.494,0.493,0.579,0.476,0.533,0.533,0.536,0.468,0.535,0.584,0.485,0.492,0.516,0.544,0.474,0.525,0.574,0.546,0.483,0.524,0.555,0.468,0.538,0.588,0.462,0.521,0.59,0.543,0.512,0.527,0.519,0.484,0.503
Archer Queen,0.482,0.478,0.5,0.482,0.46,0.452,0.494,0.457,0.448,0.46,0.512,0.475,0.436,0.484,0.507,0.48,0.463,0.462,0.465,0.498,0.43,0.486,0.466,0.52,0.496,0.469,0.488,0.455,0.492,0.524,0.52,0.521,0.528,0.453,0.481,0.474,0.467,0.489,0.548,0.505,0.488,0.465,0.452,0.466,0.489,0.486,0.458,0.417,0.452,0.454,0.449,0.479,0.418,0.426,0.42,0.422,0.462,0.441,0.502,0.462,0.494,0.495,0.501,0.516,0.479,0.509,0.507,0.536,0.452,0.5,0.46,0.502,0.479,0.461,0.505,0.518,0.55,0.491,0.533,0.516,0.473,0.483,0.566,0.493,0.458,0.518,0.47,0.503,0.501,0.516,0.48,0.49,0.519,0.525,0.504,0.467,0.457,0.514,0.484,0.468,0.507,0.537,0.466,0.527,0.544,0.464,0.463,0.502,0.515,0.484,0.548,0.567,0.527,0.482,0.533,0.513,0.498,0.56,0.524,0.482,0.472
Golden Knight,0.492,0.51,0.497,0.531,0.476,0.471,0.496,0.503,0.509,0.511,0.515,0.471,0.466,0.523,0.488,0.499,0.495,0.477,0.469,0.532,0.471,0.471,0.48,0.535,0.506,0.518,0.49,0.478,0.517,0.547,0.512,0.515,0.539,0.499,0.494,0.486,0.498,0.502,0.528,0.536,0.49,0.495,0.463,0.475,0.508,0.478,0.494,0.504,0.512,0.479,0.51,0.51,0.516,0.506,0.453,0.463,0.484,0.497,0.517,0.526,0.553,0.528,0.502,0.509,0.467,0.498,0.545,0.532,0.496,0.54,0.5,0.507,0.528,0.52,0.528,0.521,0.553,0.507,0.55,0.563,0.485,0.505,0.587,0.522,0.505,0.504,0.551,0.501,0.493,0.511,0.548,0.499,0.555,0.575,0.529,0.5,0.515,0.55,0.49,0.493,0.531,0.559,0.481,0.534,0.584,0.546,0.481,0.535,0.585,0.486,0.577,0.59,0.507,0.533,0.599,0.549,0.529,0.575,0.552,0.49,0.511
Monk,0.486,0.494,0.471,0.538,0.413,0.444,0.433,0.445,0.442,0.474,0.52,0.437,0.444,0.49,0.522,0.469,0.428,0.463,0.45,0.478,0.463,0.468,0.448,0.493,0.499,0.473,0.452,0.445,0.516,0.485,0.505,0.509,0.514,0.542,0.506,0.438,0.435,0.423,0.574,0.472,0.449,0.441,0.411,0.408,0.475,0.453,0.441,0.405,0.444,0.441,0.453,0.464,0.412,0.43,0.467,0.429,0.429,0.436,0.471,0.45,0.495,0.494,0.481,0.425,0.464,0.475,0.437,0.439,0.457,0.498,0.492,0.5,0.444,0.492,0.518,0.47,0.496,0.486,0.483,0.455,0.475,0.446,0.625,0.519,0.489,0.513,0.485,0.477,0.434,0.519,0.407,0.473,0.486,0.582,0.486,0.44,0.464,0.549,0.473,0.441,0.477,0.525,0.446,0.473,0.551,0.461,0.444,0.467,0.534,0.474,0.5,0.578,0.515,0.477,0.552,0.519,0.518,0.543,0.509,0.459,0.457
Skeleton Dragons,0.445,0.448,0.486,0.469,0.45,0.459,0.459,0.388,0.488,0.451,0.507,0.438,0.443,0.491,0.446,0.437,0.44,0.4,0.418,0.491,0.439,0.422,0.449,0.504,0.504,0.504,0.471,0.446,0.494,0.53,0.47,0.49,0.54,0.501,0.499,0.451,0.431,0.453,0.501,0.461,0.448,0.432,0.44,0.409,0.486,0.441,0.465,0.505,0.503,0.435,0.489,0.437,0.467,0.447,0.501,0.435,0.466,0.484,0.48,0.497,0.492,0.554,0.519,0.448,0.422,0.464,0.497,0.536,0.482,0.521,0.472,0.556,0.5,0.495,0.505,0.412,0.505,0.45,0.475,0.494,0.47,0.45,0.548,0.51,0.465,0.487,0.515,0.545,0.436,0.537,0.506,0.427,0.498,0.544,0.484,0.421,0.483,0.564,0.435,0.456,0.506,0.53,0.419,0.507,0.491,0.498,0.436,0.494,0.585,0.448,0.554,0.491,0.508,0.503,0.516,0.494,0.482,0.554,0.496,0.449,0.464
Mother Witch,0.486,0.47,0.487,0.52,0.443,0.492,0.499,0.457,0.504,0.489,0.521,0.454,0.473,0.497,0.471,0.496,0.464,0.446,0.447,0.526,0.465,0.455,0.486,0.517,0.515,0.519,0.489,0.457,0.507,0.557,0.499,0.514,0.567,0.473,0.446,0.477,0.46,0.501,0.517,0.525,0.458,0.483,0.454,0.443,0.513,0.461,0.464,0.498,0.55,0.496,0.489,0.475,0.493,0.462,0.457,0.435,0.503,0.476,0.514,0.483,0.504,0.532,0.516,0.494,0.458,0.508,0.496,0.539,0.477,0.539,0.48,0.508,0.505,0.5,0.521,0.462,0.538,0.502,0.456,0.496,0.475,0.497,0.556,0.535,0.479,0.487,0.538,0.512,0.502,0.492,0.512,0.479,0.532,0.541,0.541,0.484,0.484,0.561,0.46,0.484,0.519,0.551,0.457,0.517,0.544,0.519,0.464,0.493,0.614,0.466,0.566,0.575,0.501,0.506,0.554,0.524,0.482,0.547,0.514,0.471,0.484
Electro Spirit,0.493,0.489,0.487,0.497,0.468,0.466,0.481,0.486,0.481,0.464,0.51,0.48,0.483,0.496,0.489,0.478,0.484,0.473,0.472,0.51,0.466,0.474,0.487,0.509,0.467,0.493,0.499,0.469,0.49,0.504,0.509,0.519,0.524,0.484,0.478,0.472,0.457,0.493,0.529,0.497,0.483,0.48,0.465,0.461,0.484,0.486,0.463,0.414,0.478,0.491,0.466,0.499,0.415,0.452,0.436,0.456,0.479,0.433,0.487,0.458,0.487,0.479,0.5,0.48,0.476,0.49,0.497,0.5,0.483,0.495,0.472,0.482,0.495,0.479,0.5,0.491,0.509,0.496,0.505,0.478,0.483,0.471,0.556,0.501,0.476,0.505,0.487,0.487,0.504,0.507,0.507,0.502,0.511,0.557,0.504,0.462,0.452,0.54,0.484,0.465,0.503,0.536,0.493,0.515,0.549,0.487,0.475,0.498,0.53,0.489,0.534,0.554,0.482,0.47,0.507,0.528,0.506,0.539,0.507,0.457,0.462
Electro Giant,0.458,0.472,0.525,0.547,0.418,0.505,0.496,0.5,0.536,0.559,0.488,0.472,0.49,0.499,0.444,0.517,0.468,0.461,0.413,0.512,0.496,0.426,0.522,0.509,0.501,0.552,0.472,0.491,0.519,0.63,0.442,0.504,0.573,0.436,0.521,0.524,0.451,0.545,0.498,0.546,0.432,0.448,0.434,0.449,0.507,0.483,0.465,0.526,0.612,0.479,0.53,0.507,0.447,0.507,0.409,0.457,0.481,0.51,0.49,0.494,0.528,0.562,0.531,0.54,0.427,0.512,0.579,0.61,0.499,0.482,0.479,0.53,0.588,0.538,0.509,0.5,0.606,0.493,0.555,0.56,0.485,0.438,0.611,0.558,0.461,0.434,0.53,0.454,0.454,0.494,0.505,0.436,0.617,0.576,0.509,0.462,0.452,0.573,0.465,0.487,0.536,0.543,0.444,0.541,0.527,0.532,0.463,0.522,0.6,0.443,0.587,0.583,0.469,0.511,0.582,0.54,0.5,0.631,0.546,0.501,0.466
Phoenix,0.449,0.438,0.469,0.454,0.451,0.444,0.461,0.381,0.459,0.459,0.478,0.423,0.423,0.475,0.451,0.444,0.442,0.412,0.411,0.47,0.431,0.408,0.436,0.48,0.456,0.475,0.476,0.422,0.464,0.549,0.449,0.45,0.537,0.469,0.463,0.437,0.431,0.456,0.488,0.482,0.436,0.426,0.433,0.414,0.478,0.444,0.46,0.447,0.499,0.438,0.463,0.438,0.436,0.412,0.455,0.429,0.441,0.481,0.457,0.435,0.509,0.518,0.5,0.467,0.413,0.441,0.5,0.534,0.425,0.45,0.447,0.504,0.495,0.462,0.491,0.394,0.5,0.438,0.481,0.501,0.431,0.433,0.526,0.477,0.407,0.452,0.486,0.467,0.453,0.474,0.454,0.432,0.49,0.528,0.459,0.427,0.463,0.546,0.448,0.436,0.496,0.509,0.402,0.483,0.501,0.462,0.445,0.467,0.551,0.416,0.546,0.518,0.474,0.458,0.534,0.478,0.446,0.531,0.474,0.436,0.431
Little Prince,0.49,0.493,0.488,0.527,0.495,0.472,0.499,0.477,0.513,0.503,0.502,0.475,0.482,0.515,0.496,0.524,0.487,0.48,0.478,0.497,0.464,0.486,0.478,0.529,0.503,0.512,0.498,0.495,0.534,0.579,0.5,0.502,0.519,0.49,0.46,0.482,0.51,0.514,0.53,0.549,0.476,0.47,0.477,0.481,0.503,0.486,0.499,0.473,0.523,0.489,0.496,0.524,0.483,0.436,0.415,0.464,0.463,0.488,0.489,0.497,0.549,0.508,0.513,0.496,0.468,0.501,0.517,0.518,0.501,0.509,0.493,0.514,0.55,0.498,0.504,0.507,0.562,0.5,0.483,0.52,0.432,0.505,0.526,0.48,0.488,0.501,0.489,0.488,0.484,0.507,0.521,0.497,0.541,0.509,0.527,0.476,0.507,0.508,0.484,0.492,0.531,0.541,0.484,0.526,0.554,0.547,0.485,0.511,0.549,0.485,0.556,0.561,0.485,0.507,0.568,0.523,0.5,0.54,0.529,0.456,0.477
Goblin Demolisher,0.476,0.496,0.519,0.483,0.466,0.486,0.468,0.461,0.567,0.484,0.509,0.451,0.475,0.528,0.473,0.458,0.455,0.461,0.445,0.502,0.457,0.447,0.473,0.511,0.472,0.515,0.497,0.458,0.543,0.533,0.491,0.481,0.548,0.478,0.456,0.48,0.469,0.495,0.551,0.487,0.457,0.447,0.464,0.464,0.521,0.496,0.452,0.491,0.523,0.461,0.484,0.485,0.491,0.513,0.428,0.415,0.444,0.476,0.469,0.487,0.486,0.528,0.541,0.541,0.459,0.512,0.539,0.57,0.434,0.467,0.45,0.517,0.525,0.544,0.495,0.445,0.519,0.517,0.5,0.481,0.448,0.469,0.577,0.511,0.438,0.488,0.509,0.508,0.49,0.531,0.574,0.466,0.559,0.566,0.508,0.472,0.478,0.564,0.463,0.473,0.536,0.542,0.443,0.527,0.546,0.493,0.468,0.49,0.563,0.462,0.569,0.574,0.521,0.466,0.544,0.509,0.485,0.577,0.524,0.416,0.458
Goblin Machine,0.467,0.485,0.488,0.524,0.387,0.462,0.442,0.413,0.426,0.507,0.488,0.415,0.405,0.479,0.444,0.442,0.426,0.405,0.393,0.512,0.42,0.411,0.431,0.479,0.487,0.47,0.439,0.432,0.499,0.531,0.472,0.52,0.54,0.439,0.48,0.422,0.438,0.434,0.505,0.482,0.443,0.438,0.408,0.373,0.484,0.443,0.439,0.448,0.536,0.442,0.461,0.454,0.468,0.461,0.451,0.404,0.462,0.475,0.478,0.477,0.497,0.518,0.5,0.442,0.414,0.458,0.515,0.514,0.465,0.484,0.437,0.545,0.506,0.504,0.522,0.44,0.499,0.48,0.519,0.5,0.459,0.468,0.592,0.521,0.463,0.458,0.545,0.506,0.446,0.506,0.52,0.46,0.558,0.609,0.48,0.464,0.47,0.575,0.454,0.434,0.5,0.539,0.411,0.496,0.548,0.486,0.427,0.503,0.559,0.433,0.541,0.599,0.516,0.48,0.525,0.516,0.476,0.548,0.519,0.473,0.47
Suspicious Bush,0.52,0.518,0.55,0.546,0.521,0.524,0.529,0.489,0.555,0.527,0.524,0.497,0.502,0.525,0.518,0.525,0.519,0.511,0.518,0.565,0.493,0.507,0.536,0.529,0.543,0.547,0.55,0.5,0.521,0.607,0.515,0.554,0.583,0.522,0.532,0.535,0.509,0.55,0.56,0.534,0.518,0.5,0.514,0.523,0.545,0.537,0.508,0.483,0.529,0.52,0.511,0.533,0.498,0.506,0.458,0.498,0.51,0.498,0.529,0.503,0.561,0.586,0.567,0.527,0.505,0.49,0.569,0.602,0.483,0.527,0.515,0.525,0.53,0.525,0.517,0.515,0.569,0.568,0.552,0.541,0.5,0.548,0.6,0.523,0.516,0.507,0.506,0.516,0.543,0.53,0.571,0.521,0.535,0.569,0.509,0.496,0.484,0.574,0.523,0.507,0.556,0.566,0.525,0.578,0.587,0.541,0.524,0.541,0.563,0.492,0.584,0.603,0.508,0.499,0.572,0.559,0.541,0.605,0.569,0.485,0.507
Goblinstein,0.486,0.492,0.497,0.537,0.485,0.497,0.497,0.459,0.5,0.541,0.504,0.474,0.489,0.53,0.47,0.511,0.486,0.488,0.473,0.532,0.514,0.472,0.508,0.508,0.482,0.496,0.472,0.488,0.449,0.582,0.49,0.546,0.516,0.503,0.48,0.485,0.514,0.517,0.514,0.538,0.46,0.456,0.477,0.48,0.504,0.46,0.499,0.453,0.528,0.488,0.478,0.498,0.479,0.486,0.447,0.454,0.47,0.461,0.484,0.466,0.531,0.512,0.512,0.523,0.462,0.511,0.547,0.575,0.51,0.517,0.495,0.554,0.55,0.503,0.529,0.562,0.567,0.495,0.531,0.532,0.452,0.5,0.559,0.501,0.476,0.477,0.493,0.495,0.483,0.518,0.5,0.492,0.554,0.604,0.512,0.492,0.502,0.542,0.479,0.486,0.531,0.534,0.459,0.517,0.586,0.528,0.489,0.501,0.53,0.473,0.56,0.611,0.49,0.504,0.568,0.529,0.507,0.566,0.549,0.479,0.487
Rune Giant,0.458,0.478,0.433,0.46,0.436,0.459,0.416,0.377,0.463,0.451,0.488,0.42,0.417,0.475,0.431,0.467,0.449,0.433,0.416,0.429,0.42,0.419,0.436,0.479,0.458,0.463,0.474,0.408,0.455,0.483,0.445,0.457,0.513,0.418,0.446,0.437,0.415,0.454,0.44,0.489,0.43,0.43,0.443,0.427,0.474,0.444,0.47,0.431,0.474,0.442,0.443,0.443,0.432,0.421,0.421,0.414,0.406,0.446,0.443,0.443,0.452,0.496,0.493,0.454,0.417,0.39,0.499,0.514,0.36,0.434,0.413,0.375,0.452,0.444,0.444,0.389,0.474,0.474,0.423,0.408,0.4,0.441,0.5,0.407,0.402,0.446,0.433,0.469,0.45,0.447,0.376,0.466,0.462,0.533,0.416,0.403,0.429,0.479,0.439,0.414,0.467,0.496,0.43,0.476,0.5,0.451,0.431,0.437,0.516,0.418,0.551,0.512,0.483,0.42,0.436,0.468,0.418,0.518,0.465,0.406,0.391
Berserker,0.493,0.484,0.508,0.51,0.47,0.47,0.473,0.471,0.486,0.453,0.512,0.469,0.485,0.498,0.503,0.471,0.474,0.474,0.475,0.51,0.454,0.477,0.501,0.51,0.494,0.494,0.502,0.462,0.505,0.515,0.512,0.53,0.537,0.481,0.472,0.462,0.461,0.494,0.547,0.499,0.476,0.47,0.472,0.478,0.496,0.475,0.472,0.448,0.479,0.479,0.477,0.481,0.453,0.447,0.43,0.452,0.464,0.44,0.484,0.485,0.515,0.506,0.511,0.474,0.476,0.516,0.528,0.518,0.47,0.507,0.478,0.481,0.49,0.465,0.499,0.442,0.523,0.52,0.489,0.479,0.477,0.499,0.593,0.5,0.474,0.507,0.494,0.474,0.506,0.505,0.551,0.496,0.511,0.526,0.506,0.462,0.474,0.555,0.485,0.466,0.515,0.551,0.485,0.531,0.593,0.473,0.475,0.496,0.544,0.479,0.524,0.583,0.499,0.468,0.534,0.524,0.514,0.569,0.517,0.439,0.464
Boss Bandit,0.483,0.494,0.494,0.534,0.453,0.475,0.514,0.456,0.474,0.525,0.51,0.481,0.459,0.523,0.509,0.517,0.491,0.479,0.461,0.523,0.443,0.487,0.505,0.538,0.516,0.486,0.5,0.498,0.535,0.597,0.52,0.53,0.545,0.503,0.501,0.497,0.479,0.512,0.541,0.561,0.487,0.477,0.465,0.468,0.52,0.503,0.489,0.445,0.532,0.483,0.492,0.507,0.458,0.458,0.464,0.455,0.479,0.465,0.507,0.519,0.552,0.511,0.514,0.516,0.483,0.486,0.564,0.547,0.486,0.542,0.495,0.511,0.535,0.521,0.524,0.539,0.593,0.512,0.562,0.537,0.484,0.524,0.598,0.526,0.5,0.517,0.5,0.508,0.524,0.547,0.532,0.504,0.559,0.541,0.512,0.49,0.504,0.584,0.495,0.483,0.528,0.554,0.488,0.543,0.586,0.556,0.482,0.527,0.553,0.489,0.591,0.588,0.537,0.526,0.565,0.546,0.544,0.533,0.535,0.509,0.494
Cannon,0.494,0.49,0.498,0.519,0.511,0.479,0.499,0.509,0.522,0.495,0.497,0.501,0.496,0.522,0.49,0.514,0.499,0.502,0.494,0.519,0.51,0.49,0.514,0.525,0.475,0.501,0.502,0.492,0.514,0.503,0.503,0.513,0.518,0.504,0.492,0.496,0.489,0.521,0.53,0.525,0.49,0.486,0.485,0.505,0.478,0.505,0.483,0.462,0.504,0.49,0.472,0.509,0.449,0.464,0.442,0.462,0.498,0.453,0.497,0.483,0.527,0.477,0.51,0.53,0.5,0.514,0.558,0.544,0.518,0.482,0.496,0.487,0.513,0.513,0.495,0.566,0.548,0.499,0.512,0.542,0.493,0.523,0.554,0.493,0.483,0.5,0.493,0.487,0.507,0.502,0.512,0.497,0.529,0.488,0.517,0.471,0.485,0.495,0.491,0.493,0.534,0.532,0.495,0.528,0.572,0.527,0.497,0.499,0.521,0.486,0.559,0.591,0.466,0.499,0.545,0.518,0.494,0.533,0.538,0.472,0.482
Goblin Hut,0.482,0.463,0.469,0.463,0.501,0.447,0.497,0.456,0.502,0.455,0.519,0.448,0.468,0.479,0.493,0.445,0.472,0.452,0.459,0.497,0.48,0.463,0.475,0.502,0.502,0.477,0.461,0.466,0.462,0.543,0.511,0.522,0.537,0.455,0.426,0.454,0.492,0.493,0.571,0.515,0.464,0.457,0.46,0.467,0.498,0.436,0.472,0.493,0.5,0.478,0.482,0.469,0.474,0.472,0.417,0.426,0.47,0.489,0.496,0.514,0.485,0.501,0.489,0.473,0.462,0.534,0.512,0.501,0.47,0.53,0.449,0.515,0.485,0.462,0.513,0.47,0.514,0.511,0.491,0.455,0.494,0.507,0.567,0.506,0.5,0.507,0.5,0.473,0.492,0.537,0.521,0.49,0.505,0.535,0.505,0.475,0.501,0.544,0.484,0.464,0.509,0.542,0.454,0.521,0.58,0.473,0.472,0.505,0.508,0.476,0.511,0.595,0.494,0.485,0.524,0.536,0.519,0.606,0.493,0.508,0.487
Mortar,0.515,0.496,0.5,0.502,0.502,0.465,0.488,0.499,0.519,0.455,0.531,0.498,0.514,0.506,0.497,0.492,0.5,0.49,0.501,0.498,0.476,0.482,0.498,0.521,0.481,0.51,0.542,0.463,0.495,0.51,0.533,0.53,0.559,0.506,0.473,0.474,0.488,0.498,0.527,0.511,0.519,0.508,0.495,0.481,0.515,0.485,0.476,0.466,0.478,0.494,0.481,0.476,0.473,0.469,0.419,0.493,0.5,0.468,0.518,0.483,0.496,0.521,0.524,0.475,0.491,0.502,0.497,0.535,0.503,0.497,0.499,0.523,0.455,0.488,0.513,0.546,0.533,0.512,0.492,0.494,0.484,0.505,0.531,0.526,0.492,0.513,0.527,0.5,0.539,0.494,0.512,0.529,0.497,0.523,0.489,0.473,0.495,0.564,0.492,0.492,0.518,0.567,0.525,0.526,0.589,0.499,0.476,0.508,0.559,0.51,0.557,0.569,0.477,0.49,0.524,0.537,0.507,0.533,0.493,0.471,0.51
Inferno Tower,0.489,0.497,0.467,0.565,0.555,0.495,0.53,0.526,0.527,0.582,0.492,0.493,0.509,0.531,0.486,0.529,0.507,0.526,0.506,0.508,0.535,0.474,0.522,0.531,0.519,0.527,0.497,0.476,0.449,0.607,0.489,0.505,0.526,0.55,0.516,0.498,0.468,0.541,0.51,0.551,0.496,0.492,0.499,0.493,0.51,0.517,0.49,0.412,0.525,0.506,0.474,0.532,0.432,0.446,0.443,0.528,0.48,0.447,0.485,0.459,0.552,0.522,0.514,0.552,0.505,0.483,0.516,0.539,0.506,0.499,0.507,0.566,0.564,0.498,0.496,0.546,0.547,0.516,0.51,0.554,0.457,0.517,0.55,0.494,0.476,0.493,0.508,0.461,0.5,0.489,0.494,0.502,0.577,0.468,0.528,0.479,0.477,0.501,0.494,0.517,0.547,0.515,0.505,0.527,0.582,0.552,0.5,0.501,0.564,0.476,0.587,0.606,0.441,0.504,0.544,0.526,0.487,0.536,0.542,0.551,0.489
Bomb Tower,0.48,0.474,0.479,0.465,0.479,0.455,0.486,0.491,0.527,0.479,0.497,0.484,0.489,0.497,0.47,0.469,0.456,0.479,0.462,0.504,0.474,0.475,0.481,0.513,0.457,0.499,0.504,0.453,0.522,0.481,0.492,0.512,0.51,0.448,0.477,0.477,0.476,0.494,0.521,0.507,0.461,0.482,0.469,0.479,0.5,0.493,0.476,0.496,0.508,0.462,0.48,0.489,0.489,0.449,0.431,0.448,0.509,0.457,0.482,0.522,0.485,0.524,0.504,0.497,0.487,0.5,0.547,0.54,0.507,0.484,0.489,0.481,0.463,0.508,0.493,0.506,0.526,0.493,0.469,0.494,0.47,0.482,0.553,0.495,0.453,0.498,0.463,0.506,0.511,0.5,0.479,0.494,0.523,0.5,0.501,0.457,0.479,0.504,0.47,0.48,0.514,0.539,0.483,0.517,0.558,0.484,0.472,0.471,0.517,0.472,0.545,0.593,0.492,0.476,0.523,0.498,0.491,0.557,0.505,0.412,0.461
Barbarian Hut,0.46,0.478,0.532,0.522,0.425,0.447,0.487,0.384,0.414,0.54,0.466,0.421,0.419,0.452,0.449,0.392,0.427,0.375,0.437,0.513,0.425,0.44,0.476,0.473,0.521,0.441,0.466,0.442,0.49,0.543,0.454,0.503,0.532,0.405,0.409,0.404,0.552,0.492,0.547,0.484,0.419,0.437,0.423,0.441,0.495,0.393,0.493,0.442,0.493,0.433,0.433,0.503,0.458,0.509,0.478,0.374,0.44,0.489,0.438,0.446,0.519,0.558,0.49,0.455,0.38,0.483,0.493,0.507,0.421,0.52,0.452,0.593,0.494,0.488,0.493,0.495,0.546,0.479,0.426,0.48,0.429,0.5,0.624,0.449,0.468,0.488,0.479,0.488,0.506,0.521,0.5,0.448,0.599,0.585,0.506,0.414,0.504,0.493,0.449,0.44,0.502,0.534,0.42,0.507,0.506,0.475,0.453,0.433,0.497,0.434,0.532,0.545,0.487,0.447,0.57,0.499,0.461,0.537,0.489,0.475,0.396
Tesla,0.49,0.494,0.496,0.508,0.497,0.488,0.531,0.503,0.538,0.497,0.502,0.5,0.5,0.526,0.489,0.53,0.499,0.504,0.49,0.526,0.489,0.486,0.52,0.535,0.484,0.51,0.502,0.494,0.513,0.597,0.503,0.518,0.535,0.494,0.506,0.506,0.493,0.529,0.53,0.546,0.493,0.489,0.483,0.504,0.495,0.505,0.492,0.466,0.508,0.495,0.488,0.528,0.47,0.476,0.434,0.467,0.492,0.474,0.506,0.499,0.526,0.499,0.513,0.529,0.487,0.506,0.549,0.542,0.524,0.51,0.501,0.527,0.573,0.521,0.498,0.564,0.568,0.503,0.534,0.54,0.479,0.508,0.534,0.504,0.496,0.503,0.51,0.471,0.498,0.506,0.552,0.5,0.548,0.485,0.544,0.468,0.503,0.524,0.494,0.491,0.531,0.522,0.497,0.541,0.57,0.554,0.498,0.517,0.548,0.489,0.575,0.577,0.47,0.524,0.553,0.534,0.507,0.527,0.531,0.501,0.482
Elixir Collector,0.454,0.457,0.452,0.468,0.417,0.44,0.446,0.403,0.402,0.458,0.479,0.432,0.425,0.455,0.46,0.44,0.424,0.409,0.416,0.477,0.394,0.43,0.415,0.488,0.473,0.46,0.443,0.413,0.419,0.496,0.474,0.473,0.505,0.454,0.44,0.437,0.433,0.459,0.497,0.449,0.451,0.449,0.43,0.394,0.453,0.413,0.438,0.448,0.483,0.459,0.456,0.406,0.468,0.44,0.459,0.426,0.447,0.479,0.475,0.461,0.468,0.486,0.46,0.441,0.408,0.439,0.468,0.482,0.467,0.481,0.445,0.514,0.502,0.468,0.489,0.383,0.51,0.459,0.441,0.442,0.465,0.446,0.538,0.489,0.441,0.471,0.495,0.503,0.423,0.477,0.401,0.452,0.5,0.544,0.464,0.438,0.471,0.504,0.438,0.453,0.466,0.489,0.44,0.46,0.51,0.432,0.442,0.481,0.519,0.45,0.497,0.489,0.433,0.48,0.475,0.481,0.444,0.489,0.468,0.442,0.453
X-Bow,0.473,0.458,0.464,0.403,0.464,0.427,0.505,0.466,0.453,0.394,0.505,0.493,0.513,0.458,0.481,0.48,0.469,0.485,0.48,0.491,0.439,0.467,0.455,0.505,0.383,0.468,0.522,0.436,0.457,0.521,0.517,0.494,0.534,0.487,0.403,0.465,0.432,0.482,0.506,0.46,0.5,0.48,0.469,0.446,0.448,0.468,0.45,0.356,0.436,0.486,0.434,0.471,0.359,0.402,0.366,0.444,0.482,0.385,0.485,0.392,0.397,0.456,0.498,0.439,0.46,0.446,0.425,0.462,0.467,0.475,0.425,0.418,0.456,0.459,0.443,0.424,0.472,0.491,0.434,0.391,0.431,0.396,0.467,0.474,0.459,0.512,0.465,0.477,0.532,0.5,0.415,0.515,0.456,0.5,0.48,0.406,0.432,0.526,0.468,0.434,0.463,0.512,0.517,0.487,0.552,0.459,0.457,0.474,0.523,0.501,0.527,0.527,0.403,0.427,0.446,0.5,0.498,0.48,0.428,0.426,0.439
Tombstone,0.458,0.457,0.482,0.521,0.502,0.459,0.469,0.439,0.514,0.482,0.487,0.438,0.464,0.489,0.467,0.45,0.499,0.441,0.47,0.502,0.484,0.446,0.469,0.497,0.471,0.495,0.439,0.468,0.515,0.54,0.47,0.492,0.521,0.525,0.444,0.463,0.505,0.481,0.51,0.534,0.45,0.447,0.457,0.468,0.482,0.43,0.486,0.5,0.518,0.465,0.492,0.456,0.501,0.454,0.47,0.448,0.487,0.492,0.488,0.492,0.537,0.528,0.494,0.478,0.443,0.495,0.522,0.545,0.464,0.496,0.471,0.514,0.516,0.459,0.496,0.491,0.541,0.473,0.492,0.52,0.491,0.488,0.584,0.494,0.488,0.483,0.495,0.511,0.472,0.499,0.494,0.456,0.536,0.52,0.5,0.458,0.501,0.527,0.464,0.474,0.525,0.515,0.424,0.529,0.54,0.514,0.479,0.479,0.53,0.447,0.541,0.565,0.465,0.493,0.543,0.522,0.478,0.553,0.496,0.478,0.481
Furnace,0.509,0.536,0.513,0.541,0.493,0.505,0.531,0.494,0.546,0.52,0.533,0.503,0.506,0.543,0.505,0.536,0.49,0.499,0.491,0.546,0.49,0.499,0.544,0.54,0.534,0.525,0.512,0.492,0.539,0.594,0.531,0.549,0.568,0.521,0.496,0.501,0.49,0.538,0.549,0.555,0.503,0.51,0.492,0.505,0.525,0.488,0.491,0.503,0.555,0.515,0.494,0.52,0.49,0.48,0.469,0.478,0.512,0.506,0.517,0.516,0.535,0.536,0.525,0.541,0.499,0.525,0.566,0.558,0.532,0.533,0.5,0.56,0.579,0.516,0.538,0.538,0.573,0.524,0.528,0.536,0.504,0.508,0.597,0.538,0.51,0.529,0.525,0.527,0.521,0.543,0.586,0.532,0.562,0.594,0.542,0.5,0.508,0.577,0.516,0.513,0.553,0.563,0.511,0.541,0.601,0.531,0.505,0.515,0.569,0.506,0.575,0.613,0.528,0.511,0.576,0.559,0.514,0.586,0.544,0.506,0.512
Goblin Cage,0.496,0.475,0.484,0.499,0.481,0.467,0.478,0.443,0.482,0.505,0.536,0.469,0.452,0.514,0.489,0.469,0.478,0.449,0.454,0.513,0.465,0.488,0.464,0.524,0.522,0.52,0.486,0.502,0.518,0.504,0.524,0.52,0.54,0.514,0.477,0.492,0.52,0.514,0.549,0.515,0.471,0.475,0.484,0.443,0.53,0.476,0.493,0.48,0.502,0.473,0.508,0.499,0.48,0.455,0.456,0.481,0.484,0.48,0.511,0.499,0.557,0.571,0.534,0.5,0.481,0.557,0.539,0.548,0.465,0.543,0.485,0.536,0.517,0.516,0.548,0.548,0.537,0.493,0.522,0.53,0.516,0.498,0.571,0.526,0.496,0.515,0.499,0.505,0.523,0.521,0.496,0.497,0.529,0.568,0.499,0.492,0.5,0.571,0.486,0.482,0.532,0.561,0.446,0.535,0.55,0.54,0.49,0.516,0.541,0.488,0.581,0.555,0.564,0.513,0.58,0.531,0.524,0.585,0.527,0.486,0.497
Goblin Drill,0.459,0.463,0.427,0.44,0.452,0.42,0.46,0.424,0.476,0.433,0.497,0.423,0.45,0.436,0.481,0.437,0.427,0.424,0.453,0.477,0.439,0.452,0.453,0.475,0.433,0.445,0.472,0.384,0.45,0.484,0.492,0.474,0.504,0.45,0.419,0.421,0.416,0.476,0.542,0.456,0.443,0.439,0.431,0.432,0.449,0.426,0.437,0.432,0.459,0.465,0.405,0.429,0.417,0.407,0.37,0.422,0.436,0.421,0.452,0.447,0.428,0.469,0.472,0.473,0.446,0.515,0.475,0.502,0.416,0.486,0.45,0.451,0.436,0.439,0.46,0.427,0.454,0.492,0.436,0.425,0.426,0.458,0.521,0.445,0.416,0.505,0.456,0.436,0.499,0.496,0.507,0.476,0.496,0.474,0.473,0.423,0.429,0.5,0.456,0.435,0.476,0.51,0.445,0.463,0.551,0.438,0.447,0.449,0.486,0.46,0.519,0.568,0.476,0.423,0.479,0.465,0.475,0.484,0.462,0.409,0.438
Fireball,0.502,0.502,0.498,0.522,0.51,0.484,0.521,0.495,0.546,0.512,0.513,0.5,0.493,0.533,0.5,0.523,0.504,0.508,0.491,0.528,0.498,0.488,0.516,0.541,0.499,0.517,0.505,0.49,0.564,0.58,0.513,0.523,0.549,0.509,0.508,0.505,0.499,0.525,0.54,0.545,0.493,0.488,0.494,0.5,0.508,0.498,0.501,0.47,0.525,0.496,0.492,0.518,0.493,0.476,0.453,0.477,0.488,0.499,0.505,0.511,0.528,0.523,0.548,0.535,0.489,0.501,0.551,0.563,0.515,0.516,0.51,0.527,0.565,0.54,0.516,0.535,0.552,0.516,0.537,0.546,0.477,0.521,0.561,0.515,0.505,0.509,0.516,0.508,0.506,0.53,0.551,0.506,0.562,0.532,0.536,0.484,0.514,0.544,0.5,0.499,0.541,0.539,0.495,0.531,0.568,0.536,0.499,0.518,0.565,0.495,0.584,0.577,0.497,0.521,0.56,0.539,0.508,0.553,0.536,0.511,0.493
Arrows,0.501,0.516,0.498,0.547,0.497,0.503,0.499,0.471,0.523,0.518,0.525,0.485,0.48,0.531,0.49,0.503,0.505,0.481,0.487,0.525,0.496,0.491,0.545,0.522,0.522,0.521,0.485,0.489,0.523,0.584,0.512,0.521,0.553,0.508,0.508,0.495,0.502,0.503,0.519,0.546,0.497,0.481,0.477,0.49,0.519,0.485,0.499,0.505,0.537,0.49,0.505,0.508,0.499,0.499,0.472,0.484,0.484,0.512,0.51,0.522,0.553,0.544,0.516,0.509,0.498,0.512,0.559,0.557,0.508,0.532,0.507,0.559,0.544,0.516,0.535,0.513,0.564,0.508,0.527,0.566,0.493,0.514,0.586,0.534,0.517,0.507,0.536,0.508,0.483,0.52,0.56,0.509,0.547,0.566,0.526,0.487,0.518,0.565,0.501,0.5,0.538,0.535,0.473,0.527,0.573,0.548,0.495,0.523,0.558,0.491,0.56,0.588,0.532,0.523,0.568,0.539,0.518,0.561,0.545,0.525,0.507
Rage,0.464,0.465,0.444,0.504,0.446,0.458,0.468,0.428,0.467,0.49,0.485,0.445,0.456,0.478,0.458,0.471,0.45,0.434,0.436,0.496,0.446,0.451,0.461,0.481,0.493,0.468,0.452,0.438,0.479,0.553,0.468,0.476,0.517,0.459,0.457,0.46,0.445,0.466,0.487,0.498,0.451,0.455,0.431,0.441,0.482,0.451,0.452,0.456,0.51,0.473,0.466,0.463,0.447,0.419,0.444,0.443,0.463,0.469,0.478,0.471,0.493,0.506,0.482,0.46,0.444,0.463,0.512,0.516,0.484,0.493,0.469,0.523,0.494,0.481,0.497,0.464,0.504,0.469,0.464,0.5,0.444,0.469,0.533,0.485,0.472,0.466,0.491,0.482,0.453,0.486,0.498,0.469,0.534,0.537,0.475,0.447,0.468,0.524,0.459,0.462,0.5,0.495,0.442,0.479,0.53,0.502,0.455,0.487,0.535,0.452,0.534,0.562,0.477,0.489,0.527,0.494,0.454,0.518,0.499,0.46,0.453
Rocket,0.461,0.463,0.451,0.468,0.489,0.455,0.472,0.491,0.489,0.454,0.472,0.465,0.474,0.472,0.454,0.479,0.473,0.482,0.479,0.476,0.461,0.448,0.471,0.492,0.453,0.484,0.488,0.434,0.482,0.515,0.472,0.482,0.502,0.539,0.444,0.453,0.428,0.496,0.493,0.485,0.468,0.461,0.475,0.476,0.468,0.486,0.454,0.414,0.467,0.475,0.44,0.477,0.406,0.435,0.396,0.471,0.445,0.417,0.456,0.428,0.48,0.484,0.486,0.497,0.463,0.456,0.492,0.517,0.456,0.463,0.441,0.475,0.47,0.449,0.464,0.457,0.491,0.459,0.458,0.461,0.434,0.466,0.504,0.449,0.446,0.468,0.458,0.433,0.485,0.461,0.466,0.478,0.511,0.488,0.485,0.437,0.439,0.49,0.461,0.465,0.505,0.5,0.484,0.494,0.554,0.477,0.473,0.463,0.509,0.448,0.533,0.562,0.416,0.44,0.504,0.487,0.458,0.513,0.476,0.452,0.444
Goblin Barrel,0.491,0.501,0.489,0.563,0.536,0.503,0.525,0.515,0.563,0.531,0.499,0.494,0.5,0.542,0.5,0.536,0.525,0.516,0.516,0.534,0.522,0.487,0.526,0.562,0.515,0.535,0.495,0.508,0.527,0.619,0.496,0.507,0.544,0.548,0.532,0.512,0.521,0.545,0.53,0.584,0.498,0.49,0.504,0.523,0.523,0.516,0.523,0.51,0.55,0.51,0.508,0.539,0.525,0.47,0.467,0.498,0.493,0.529,0.511,0.537,0.581,0.539,0.531,0.558,0.494,0.499,0.575,0.583,0.526,0.534,0.519,0.554,0.581,0.543,0.507,0.556,0.598,0.516,0.557,0.589,0.475,0.541,0.57,0.515,0.512,0.505,0.546,0.475,0.495,0.517,0.58,0.503,0.56,0.483,0.576,0.489,0.554,0.555,0.505,0.527,0.558,0.516,0.5,0.555,0.576,0.587,0.522,0.544,0.594,0.467,0.602,0.6,0.464,0.544,0.592,0.552,0.515,0.557,0.569,0.533,0.503
Freeze,0.463,0.458,0.475,0.48,0.472,0.46,0.476,0.461,0.487,0.488,0.491,0.456,0.46,0.498,0.457,0.477,0.457,0.469,0.454,0.473,0.456,0.456,0.463,0.494,0.496,0.488,0.465,0.441,0.459,0.529,0.468,0.483,0.523,0.497,0.478,0.468,0.448,0.485,0.489,0.506,0.446,0.442,0.45,0.466,0.496,0.476,0.462,0.463,0.521,0.459,0.472,0.473,0.462,0.441,0.429,0.451,0.449,0.464,0.463,0.467,0.496,0.522,0.498,0.5,0.457,0.452,0.524,0.536,0.475,0.473,0.466,0.527,0.493,0.483,0.485,0.459,0.517,0.474,0.473,0.504,0.422,0.483,0.524,0.469,0.457,0.472,0.479,0.474,0.473,0.483,0.493,0.459,0.54,0.513,0.471,0.459,0.465,0.537,0.469,0.473,0.521,0.506,0.445,0.5,0.539,0.492,0.464,0.48,0.566,0.45,0.549,0.562,0.499,0.481,0.518,0.492,0.458,0.532,0.49,0.476,0.458
Mirror,0.421,0.431,0.449,0.478,0.431,0.428,0.441,0.414,0.465,0.448,0.434,0.418,0.42,0.461,0.431,0.442,0.43,0.424,0.421,0.455,0.406,0.427,0.461,0.435,0.468,0.44,0.416,0.429,0.466,0.516,0.431,0.457,0.457,0.445,0.433,0.432,0.436,0.452,0.445,0.494,0.416,0.417,0.412,0.455,0.445,0.406,0.439,0.403,0.456,0.437,0.433,0.444,0.411,0.415,0.392,0.415,0.414,0.415,0.43,0.45,0.488,0.436,0.446,0.41,0.412,0.406,0.476,0.46,0.426,0.456,0.416,0.449,0.509,0.456,0.451,0.473,0.499,0.446,0.454,0.452,0.413,0.414,0.5,0.407,0.414,0.428,0.42,0.411,0.418,0.442,0.494,0.43,0.49,0.448,0.46,0.399,0.45,0.449,0.432,0.427,0.47,0.446,0.424,0.461,0.5,0.452,0.434,0.429,0.462,0.419,0.462,0.51,0.431,0.431,0.503,0.453,0.426,0.485,0.438,0.388,0.396
Lightning,0.459,0.449,0.488,0.499,0.424,0.448,0.45,0.454,0.458,0.504,0.503,0.442,0.424,0.482,0.466,0.451,0.439,0.428,0.41,0.48,0.454,0.428,0.421,0.506,0.491,0.501,0.45,0.448,0.528,0.532,0.473,0.503,0.541,0.475,0.485,0.461,0.433,0.461,0.517,0.487,0.44,0.433,0.426,0.415,0.51,0.466,0.449,0.454,0.524,0.436,0.487,0.456,0.445,0.438,0.469,0.431,0.458,0.479,0.474,0.47,0.492,0.542,0.501,0.529,0.432,0.46,0.521,0.557,0.454,0.536,0.454,0.539,0.502,0.481,0.513,0.468,0.538,0.453,0.507,0.514,0.459,0.472,0.549,0.527,0.444,0.473,0.527,0.501,0.448,0.516,0.525,0.446,0.568,0.541,0.486,0.469,0.46,0.562,0.464,0.452,0.498,0.523,0.413,0.508,0.548,0.5,0.435,0.504,0.562,0.444,0.564,0.549,0.503,0.493,0.537,0.515,0.507,0.548,0.509,0.479,0.475
Zap,0.493,0.497,0.481,0.551,0.489,0.488,0.525,0.484,0.518,0.533,0.51,0.493,0.501,0.535,0.499,0.522,0.505,0.504,0.485,0.53,0.501,0.492,0.522,0.531,0.536,0.507,0.488,0.494,0.529,0.587,0.503,0.51,0.554,0.55,0.519,0.512,0.494,0.525,0.521,0.556,0.485,0.492,0.484,0.491,0.52,0.501,0.496,0.474,0.547,0.516,0.499,0.52,0.49,0.451,0.484,0.494,0.493,0.505,0.507,0.516,0.568,0.54,0.526,0.515,0.484,0.493,0.555,0.553,0.517,0.537,0.519,0.556,0.564,0.536,0.525,0.537,0.555,0.515,0.532,0.573,0.476,0.511,0.569,0.525,0.518,0.503,0.528,0.524,0.5,0.528,0.547,0.502,0.558,0.543,0.521,0.495,0.51,0.553,0.501,0.505,0.545,0.527,0.478,0.536,0.566,0.565,0.5,0.522,0.568,0.491,0.579,0.594,0.511,0.535,0.575,0.54,0.506,0.545,0.547,0.528,0.506
Poison,0.483,0.473,0.495,0.488,0.482,0.465,0.485,0.466,0.502,0.484,0.518,0.465,0.471,0.503,0.496,0.458,0.466,0.467,0.452,0.507,0.48,0.465,0.486,0.512,0.494,0.498,0.486,0.465,0.546,0.541,0.505,0.516,0.538,0.491,0.472,0.467,0.47,0.489,0.548,0.516,0.47,0.464,0.467,0.458,0.502,0.475,0.474,0.481,0.524,0.483,0.481,0.477,0.482,0.481,0.441,0.457,0.472,0.481,0.485,0.479,0.505,0.532,0.527,0.481,0.476,0.509,0.518,0.538,0.476,0.498,0.465,0.533,0.506,0.507,0.502,0.478,0.533,0.489,0.51,0.497,0.459,0.499,0.563,0.504,0.473,0.501,0.495,0.492,0.499,0.529,0.567,0.483,0.519,0.526,0.521,0.485,0.484,0.551,0.482,0.477,0.513,0.537,0.456,0.52,0.571,0.496,0.478,0.5,0.542,0.472,0.55,0.59,0.512,0.481,0.536,0.524,0.504,0.557,0.517,0.467,0.477
Graveyard,0.452,0.416,0.437,0.435,0.452,0.398,0.429,0.408,0.447,0.427,0.501,0.403,0.417,0.452,0.46,0.409,0.427,0.402,0.423,0.441,0.439,0.434,0.432,0.468,0.429,0.423,0.414,0.393,0.443,0.484,0.49,0.473,0.49,0.436,0.41,0.41,0.433,0.444,0.514,0.452,0.419,0.426,0.413,0.433,0.43,0.4,0.432,0.471,0.465,0.428,0.425,0.41,0.444,0.392,0.378,0.413,0.443,0.461,0.454,0.471,0.443,0.452,0.443,0.44,0.445,0.491,0.494,0.475,0.445,0.485,0.415,0.466,0.415,0.386,0.47,0.4,0.449,0.451,0.437,0.441,0.437,0.47,0.484,0.456,0.447,0.479,0.492,0.441,0.436,0.483,0.503,0.452,0.481,0.477,0.47,0.431,0.459,0.514,0.435,0.442,0.465,0.491,0.406,0.434,0.538,0.438,0.432,0.458,0.5,0.44,0.502,0.527,0.498,0.456,0.476,0.478,0.457,0.459,0.405,0.464,0.46
The Log,0.508,0.509,0.503,0.54,0.521,0.495,0.516,0.523,0.545,0.513,0.505,0.512,0.513,0.54,0.504,0.533,0.522,0.519,0.51,0.542,0.514,0.492,0.52,0.546,0.503,0.526,0.535,0.51,0.538,0.568,0.515,0.531,0.538,0.524,0.514,0.507,0.501,0.535,0.535,0.552,0.519,0.514,0.498,0.518,0.511,0.516,0.506,0.477,0.525,0.505,0.502,0.534,0.481,0.512,0.467,0.489,0.511,0.48,0.52,0.51,0.556,0.516,0.53,0.54,0.5,0.512,0.565,0.566,0.532,0.516,0.514,0.526,0.552,0.534,0.511,0.557,0.584,0.515,0.538,0.567,0.508,0.527,0.582,0.521,0.511,0.514,0.524,0.49,0.524,0.528,0.566,0.511,0.55,0.499,0.553,0.494,0.512,0.54,0.505,0.509,0.548,0.552,0.533,0.55,0.581,0.556,0.509,0.528,0.56,0.5,0.576,0.599,0.474,0.525,0.572,0.544,0.522,0.569,0.557,0.503,0.498
Tornado,0.428,0.413,0.453,0.441,0.41,0.415,0.445,0.435,0.433,0.458,0.465,0.43,0.428,0.452,0.421,0.425,0.402,0.403,0.403,0.441,0.431,0.421,0.398,0.464,0.439,0.447,0.409,0.392,0.427,0.482,0.45,0.454,0.482,0.423,0.432,0.435,0.383,0.436,0.457,0.449,0.413,0.415,0.399,0.408,0.433,0.421,0.401,0.438,0.475,0.436,0.423,0.396,0.406,0.397,0.418,0.421,0.439,0.424,0.44,0.422,0.446,0.458,0.435,0.454,0.417,0.456,0.485,0.478,0.462,0.452,0.423,0.5,0.446,0.434,0.466,0.413,0.454,0.444,0.431,0.459,0.416,0.44,0.449,0.476,0.409,0.441,0.489,0.443,0.413,0.455,0.468,0.425,0.503,0.473,0.459,0.425,0.419,0.481,0.416,0.44,0.466,0.467,0.398,0.451,0.538,0.436,0.421,0.45,0.498,0.424,0.5,0.561,0.449,0.454,0.496,0.46,0.436,0.456,0.45,0.437,0.452
Clone,0.417,0.415,0.427,0.504,0.43,0.414,0.42,0.377,0.434,0.452,0.431,0.39,0.405,0.429,0.419,0.411,0.432,0.394,0.417,0.444,0.389,0.399,0.452,0.408,0.436,0.436,0.378,0.427,0.47,0.508,0.424,0.45,0.442,0.433,0.41,0.402,0.419,0.436,0.423,0.47,0.407,0.411,0.392,0.427,0.435,0.376,0.419,0.424,0.449,0.426,0.437,0.407,0.429,0.37,0.43,0.397,0.407,0.426,0.416,0.445,0.444,0.438,0.415,0.41,0.384,0.398,0.478,0.452,0.412,0.433,0.41,0.422,0.509,0.425,0.446,0.417,0.482,0.439,0.426,0.401,0.397,0.389,0.488,0.417,0.412,0.409,0.405,0.431,0.394,0.407,0.455,0.423,0.511,0.473,0.435,0.387,0.445,0.432,0.423,0.412,0.438,0.438,0.4,0.438,0.49,0.451,0.406,0.41,0.473,0.401,0.439,0.5,0.406,0.426,0.503,0.444,0.401,0.419,0.401,0.383,0.401
Earthquake,0.531,0.526,0.489,0.489,0.496,0.483,0.478,0.519,0.512,0.493,0.531,0.523,0.519,0.507,0.497,0.501,0.482,0.505,0.472,0.519,0.522,0.5,0.507,0.524,0.478,0.489,0.552,0.485,0.481,0.5,0.538,0.538,0.523,0.457,0.453,0.474,0.458,0.501,0.549,0.5,0.511,0.514,0.468,0.479,0.458,0.505,0.449,0.428,0.489,0.483,0.458,0.496,0.422,0.461,0.427,0.451,0.509,0.414,0.51,0.455,0.485,0.471,0.503,0.51,0.516,0.544,0.52,0.521,0.538,0.473,0.493,0.485,0.492,0.499,0.518,0.531,0.526,0.515,0.479,0.484,0.492,0.51,0.517,0.501,0.463,0.534,0.506,0.523,0.559,0.508,0.513,0.53,0.567,0.597,0.535,0.472,0.436,0.524,0.503,0.468,0.523,0.584,0.536,0.501,0.569,0.497,0.489,0.488,0.502,0.526,0.551,0.594,0.5,0.473,0.5,0.513,0.496,0.543,0.508,0.454,0.475
Barbarian Barrel,0.487,0.475,0.501,0.499,0.47,0.454,0.467,0.465,0.486,0.483,0.523,0.464,0.449,0.508,0.488,0.448,0.457,0.447,0.444,0.513,0.468,0.458,0.442,0.515,0.497,0.499,0.478,0.472,0.539,0.526,0.512,0.527,0.539,0.502,0.48,0.462,0.474,0.479,0.539,0.509,0.468,0.47,0.45,0.443,0.505,0.472,0.471,0.505,0.514,0.461,0.495,0.473,0.481,0.482,0.46,0.453,0.492,0.494,0.498,0.499,0.518,0.536,0.51,0.484,0.47,0.521,0.523,0.547,0.479,0.518,0.467,0.523,0.497,0.494,0.53,0.489,0.542,0.493,0.534,0.52,0.501,0.496,0.58,0.532,0.474,0.501,0.515,0.51,0.496,0.524,0.553,0.476,0.52,0.573,0.507,0.489,0.487,0.577,0.479,0.477,0.511,0.56,0.456,0.519,0.569,0.507,0.465,0.519,0.544,0.475,0.546,0.574,0.527,0.5,0.555,0.532,0.526,0.574,0.53,0.484,0.491
Heal Spirit,0.451,0.448,0.475,0.47,0.409,0.425,0.441,0.378,0.417,0.444,0.484,0.425,0.39,0.444,0.445,0.405,0.403,0.392,0.386,0.464,0.4,0.43,0.415,0.466,0.476,0.475,0.433,0.416,0.466,0.503,0.471,0.489,0.506,0.406,0.411,0.427,0.4,0.428,0.487,0.457,0.435,0.423,0.392,0.381,0.476,0.445,0.411,0.399,0.448,0.44,0.455,0.432,0.426,0.427,0.418,0.394,0.426,0.426,0.446,0.425,0.447,0.493,0.476,0.432,0.425,0.433,0.481,0.502,0.41,0.467,0.401,0.448,0.484,0.446,0.493,0.418,0.466,0.432,0.456,0.475,0.428,0.432,0.564,0.466,0.435,0.455,0.476,0.476,0.456,0.477,0.43,0.447,0.525,0.554,0.457,0.424,0.42,0.521,0.44,0.432,0.473,0.496,0.408,0.482,0.497,0.463,0.425,0.464,0.524,0.428,0.504,0.497,0.5,0.445,0.5,0.482,0.447,0.509,0.466,0.389,0.406
Giant Snowball,0.461,0.455,0.473,0.472,0.458,0.444,0.49,0.443,0.485,0.468,0.489,0.452,0.446,0.487,0.471,0.463,0.455,0.449,0.447,0.494,0.45,0.45,0.475,0.489,0.456,0.479,0.465,0.438,0.494,0.532,0.483,0.491,0.519,0.46,0.465,0.469,0.45,0.492,0.522,0.502,0.447,0.451,0.444,0.459,0.471,0.462,0.457,0.462,0.502,0.464,0.461,0.468,0.447,0.422,0.412,0.433,0.456,0.465,0.476,0.472,0.484,0.497,0.491,0.491,0.455,0.479,0.513,0.538,0.457,0.487,0.451,0.481,0.506,0.476,0.472,0.46,0.522,0.477,0.491,0.484,0.441,0.471,0.532,0.476,0.454,0.482,0.464,0.463,0.474,0.502,0.501,0.466,0.519,0.5,0.478,0.441,0.469,0.535,0.461,0.461,0.506,0.513,0.448,0.508,0.547,0.485,0.46,0.476,0.522,0.456,0.54,0.556,0.487,0.468,0.518,0.5,0.478,0.536,0.496,0.453,0.448
Royal Delivery,0.492,0.497,0.516,0.521,0.496,0.501,0.494,0.501,0.528,0.495,0.498,0.487,0.492,0.516,0.498,0.506,0.498,0.503,0.488,0.521,0.491,0.476,0.542,0.515,0.487,0.517,0.522,0.483,0.544,0.545,0.5,0.523,0.537,0.535,0.476,0.477,0.47,0.525,0.541,0.524,0.486,0.475,0.481,0.497,0.502,0.501,0.479,0.464,0.523,0.489,0.488,0.503,0.478,0.493,0.444,0.458,0.478,0.469,0.497,0.483,0.53,0.531,0.537,0.525,0.492,0.499,0.546,0.565,0.488,0.502,0.471,0.482,0.518,0.518,0.494,0.5,0.554,0.5,0.515,0.524,0.459,0.493,0.582,0.486,0.456,0.506,0.481,0.493,0.513,0.509,0.539,0.493,0.556,0.502,0.522,0.486,0.476,0.525,0.492,0.482,0.546,0.542,0.485,0.542,0.574,0.493,0.494,0.496,0.543,0.478,0.564,0.599,0.504,0.474,0.553,0.522,0.5,0.569,0.517,0.461,0.464
Void,0.469,0.451,0.437,0.439,0.455,0.454,0.433,0.385,0.448,0.444,0.521,0.422,0.431,0.463,0.437,0.466,0.453,0.454,0.441,0.464,0.456,0.446,0.436,0.472,0.446,0.474,0.493,0.404,0.45,0.496,0.472,0.461,0.513,0.416,0.442,0.444,0.4,0.461,0.482,0.464,0.446,0.438,0.45,0.423,0.466,0.448,0.472,0.448,0.464,0.45,0.442,0.429,0.417,0.416,0.398,0.443,0.436,0.449,0.44,0.415,0.446,0.494,0.506,0.484,0.446,0.481,0.482,0.506,0.473,0.44,0.425,0.457,0.446,0.453,0.461,0.369,0.469,0.46,0.423,0.452,0.395,0.434,0.482,0.431,0.467,0.467,0.394,0.467,0.464,0.443,0.463,0.473,0.511,0.52,0.447,0.414,0.415,0.516,0.447,0.439,0.482,0.487,0.443,0.468,0.515,0.452,0.455,0.443,0.541,0.431,0.544,0.581,0.457,0.426,0.491,0.464,0.431,0.5,0.447,0.445,0.451
Goblin Curse,0.469,0.477,0.479,0.488,0.44,0.47,0.45,0.435,0.488,0.493,0.493,0.436,0.502,0.474,0.453,0.448,0.46,0.433,0.43,0.509,0.456,0.436,0.479,0.493,0.498,0.492,0.462,0.439,0.485,0.54,0.468,0.498,0.54,0.451,0.459,0.45,0.444,0.469,0.488,0.504,0.447,0.46,0.445,0.427,0.501,0.455,0.463,0.466,0.532,0.476,0.472,0.465,0.472,0.457,0.436,0.434,0.495,0.474,0.478,0.477,0.478,0.531,0.502,0.458,0.437,0.457,0.514,0.527,0.481,0.476,0.448,0.491,0.504,0.486,0.493,0.454,0.526,0.471,0.476,0.481,0.431,0.451,0.535,0.483,0.465,0.462,0.507,0.507,0.458,0.495,0.511,0.469,0.532,0.572,0.504,0.456,0.473,0.538,0.464,0.455,0.501,0.524,0.431,0.51,0.562,0.491,0.453,0.483,0.595,0.443,0.55,0.599,0.492,0.47,0.534,0.504,0.483,0.553,0.5,0.444,0.467
Spirit Empress,0.492,0.507,0.541,0.506,0.473,0.475,0.496,0.446,0.498,0.479,0.535,0.483,0.458,0.509,0.491,0.49,0.481,0.468,0.467,0.527,0.5,0.48,0.449,0.527,0.531,0.51,0.458,0.48,0.48,0.547,0.531,0.559,0.531,0.528,0.532,0.481,0.491,0.49,0.526,0.53,0.476,0.464,0.445,0.448,0.522,0.462,0.491,0.476,0.489,0.46,0.489,0.471,0.489,0.425,0.541,0.455,0.481,0.486,0.501,0.51,0.535,0.539,0.515,0.519,0.474,0.498,0.558,0.555,0.516,0.518,0.51,0.541,0.551,0.529,0.543,0.499,0.564,0.544,0.584,0.527,0.515,0.521,0.594,0.561,0.491,0.528,0.492,0.529,0.449,0.588,0.525,0.499,0.558,0.574,0.522,0.494,0.514,0.591,0.489,0.475,0.54,0.548,0.467,0.524,0.612,0.521,0.472,0.533,0.536,0.497,0.563,0.617,0.546,0.516,0.611,0.547,0.539,0.555,0.556,0.5,0.518
Vines,0.51,0.511,0.507,0.543,0.495,0.491,0.508,0.481,0.512,0.503,0.528,0.493,0.481,0.533,0.502,0.506,0.5,0.496,0.492,0.52,0.477,0.491,0.507,0.528,0.525,0.515,0.503,0.507,0.547,0.547,0.525,0.55,0.535,0.541,0.504,0.491,0.49,0.514,0.542,0.533,0.501,0.488,0.482,0.508,0.531,0.487,0.493,0.481,0.516,0.491,0.492,0.504,0.471,0.474,0.46,0.472,0.474,0.479,0.504,0.509,0.558,0.521,0.518,0.516,0.494,0.522,0.557,0.541,0.497,0.528,0.489,0.543,0.536,0.516,0.538,0.534,0.569,0.523,0.542,0.53,0.493,0.513,0.609,0.536,0.506,0.518,0.513,0.49,0.511,0.539,0.604,0.518,0.547,0.561,0.519,0.488,0.503,0.562,0.507,0.493,0.547,0.556,0.497,0.542,0.604,0.525,0.494,0.523,0.54,0.502,0.548,0.599,0.525,0.509,0.594,0.552,0.536,0.549,0.533,0.482,0.5
